Rank,Word,Frequency
1,the,3623
2,and,1939
3,to,1891
4,a,1691
5,he,1530
6,of,1267
7,harry,1219
8,was,1187
9,it,1027
10,in,969
11,his,933
12,on,913
13,you,859
14,said,791
15,had,703
16,i,651
17,at,624
18,they,597
19,that,570
20,as,524
21,him,502
22,but,483
23,with,417
24,ron,408
25,all,398
26,for,381
27,out,371
28,more,367
29,be,366
30,up,366
31,what,342
32,were,339
33,hagrid,336
34,them,327
35,have,298
36,books,294
37,there,270
38,back,262
39,hermione,259
40,one,253
41,this,252
42,httpadaptedenglishbookssite,251
43,if,245
44,so,236
45,its,235
46,not,235
47,she,229
48,from,229
49,about,226
50,into,222
51,their,218
52,got,217
53,an,217
54,me,217
55,been,209
56,off,202
57,no,196
58,could,195
59,didnt,194
60,get,194
61,like,191
62,know,188
63,down,181
64,see,180
65,just,180
66,her,179
67,professor,179
68,when,176
69,is,173
70,very,172
71,over,170
72,do,168
73,looked,168
74,now,166
75,then,165
76,who,163
77,are,158
78,we,151
79,by,150
80,your,148
81,dont,147
82,snape,144
83,dumbledore,143
84,hed,139
85,well,139
86,going,137
87,around,137
88,go,135
89,how,135
90,something,129
91,look,129
92,through,127
93,never,126
94,right,123
95,think,123
96,time,122
97,im,122
98,uncle,118
99,dudley,117
100,which,116
101,harrys,113
102,here,113
103,only,112
104,malfoy,112
105,or,110
106,would,108
107,my,107
108,before,107
109,couldnt,105
110,vernon,105
111,eyes,105
112,door,104
113,even,103
114,potter,103
115,too,102
116,neville,102
117,where,101
118,did,101
119,again,101
120,looking,99
121,yeh,99
122,two,99
123,head,99
124,come,97
125,thought,96
126,next,96
127,other,95
128,face,94
129,first,94
130,mcgonagall,94
131,way,94
132,told,93
133,people,93
134,still,92
135,than,92
136,quirrell,91
137,will,89
138,gryffindor,87
139,though,86
140,because,85
141,boy,83
142,left,82
143,room,82
144,mr,82
145,last,82
146,some,81
147,thats,81
148,us,81
149,good,81
150,behind,79
151,hogwarts,79
152,ter,78
153,can,78
154,stone,77
155,house,77
156,turned,76
157,heard,76
158,came,76
159,much,76
160,ive,76
161,wasnt,76
162,hes,75
163,say,75
164,once,74
165,want,74
166,anything,74
167,really,73
168,little,72
169,seemed,72
170,oh,72
171,towards,71
172,went,71
173,away,71
174,any,71
175,long,71
176,suddenly,69
177,tell,69
178,found,69
179,yes,69
180,great,68
181,after,68
182,bit,67
183,hand,66
184,cant,66
185,why,66
186,school,66
187,made,66
188,aunt,65
189,trying,65
190,himself,65
191,knew,64
192,three,64
193,quidditch,63
194,tried,63
195,saw,62
196,ever,62
197,wand,62
198,let,62
199,take,61
200,took,60
201,asked,60
202,yer,60
203,while,60
204,dark,59
205,voice,59
206,day,59
207,must,58
208,put,58
209,old,57
210,inside,57
211,nothing,57
212,cloak,57
213,petunia,57
214,open,56
215,keep,56
216,youre,56
217,find,55
218,few,55
219,things,55
220,everyone,54
221,slytherin,54
222,dursley,54
223,might,54
224,hadnt,54
225,wood,53
226,make,53
227,seen,53
228,front,52
229,pulled,52
230,dursleys,52
231,large,52
232,black,51
233,feet,51
234,gone,51
235,another,50
236,lot,50
237,wouldnt,49
238,mind,49
239,felt,49
240,started,49
241,floor,49
242,ill,49
243,filch,49
244,hall,49
245,weasley,48
246,almost,48
247,magic,48
248,thing,48
249,end,48
250,enough,48
251,moment,47
252,every,47
253,mirror,47
254,fell,46
255,air,46
256,walked,46
257,done,46
258,night,46
259,mrs,46
260,wanted,46
261,course,46
262,stop,45
263,bed,45
264,until,45
265,sat,45
266,saying,44
267,table,44
268,past,44
269,called,44
270,points,44
271,quickly,44
272,letter,44
273,should,43
274,later,43
275,already,43
276,second,43
277,owl,43
278,read,43
279,sure,43
280,high,42
281,name,42
282,theres,42
283,theyre,41
284,without,41
285,always,41
286,wizard,41
287,our,41
288,hat,41
289,better,40
290,weve,40
291,each,40
292,life,39
293,these,39
294,remember,39
295,try,39
296,being,39
297,under,39
298,nearly,38
299,caught,38
300,kept,38
301,fire,38
302,across,38
303,whats,38
304,anyone,37
305,new,37
306,stood,37
307,gave,37
308,else,37
309,reached,37
310,same,37
311,place,36
312,full,36
313,theyd,36
314,madam,36
315,wall,36
316,outside,36
317,percy,36
318,forest,36
319,quite,36
320,stared,35
321,whispered,35
322,hair,35
323,against,34
324,broom,34
325,fred,34
326,youll,34
327,hagrids,34
328,five,34
329,coming,34
330,ground,34
331,yet,34
332,doing,34
333,man,34
334,side,34
335,hands,34
336,mean,34
337,give,33
338,top,33
339,whole,33
340,best,33
341,ask,33
342,youve,33
343,standing,33
344,own,33
345,sir,32
346,silver,32
347,getting,32
348,four,32
349,peeves,32
350,morning,32
351,hear,32
352,id,32
353,train,32
354,along,32
355,both,32
356,small,32
357,window,32
358,voldemort,31
359,troll,31
360,sorry,31
361,ten,31
362,half,31
363,nose,31
364,has,31
365,white,31
366,o,31
367,happened,31
368,minutes,31
369,anyway,31
370,forward,30
371,year,30
372,everything,30
373,most,30
374,corridor,30
375,lost,30
376,suppose,30
377,noticed,29
378,years,29
379,help,29
380,big,29
381,stopped,29
382,hard,29
383,shouted,29
384,fer,29
385,dragon,29
386,set,29
387,george,29
388,students,29
389,hundred,29
390,someone,29
391,gold,29
392,taken,28
393,team,28
394,work,28
395,gringotts,28
396,bad,28
397,round,28
398,trouble,28
399,mother,28
400,father,28
401,need,27
402,straight,27
403,light,27
404,funny,27
405,move,27
406,snapes,27
407,many,27
408,broomstick,27
409,wizards,27
410,green,27
411,family,27
412,werent,27
413,those,26
414,flamel,26
415,don,26
416,sitting,26
417,able,26
418,talking,26
419,fluffy,26
420,robes,26
421,holding,26
422,sort,26
423,corner,25
424,sight,25
425,heart,25
426,rest,25
427,feeling,25
428,use,25
429,christmas,25
430,red,25
431,snapped,25
432,cold,25
433,library,25
434,norbert,25
435,nice,24
436,world,24
437,dead,24
438,does,24
439,passed,24
440,wont,24
441,match,24
442,giant,24
443,words,24
444,parents,24
445,catch,24
446,famous,24
447,except,24
448,stay,24
449,week,24
450,rather,23
451,either,23
452,book,23
453,granger,23
454,twins,23
455,castle,23
456,common,23
457,seven,23
458,empty,23
459,arms,23
460,began,23
461,owls,23
462,finally,23
463,cat,23
464,hope,23
465,somewhere,23
466,staring,23
467,please,23
468,note,23
469,shut,23
470,dudleys,23
471,hardly,22
472,between,22
473,answer,22
474,youd,22
475,goyle,22
476,fat,22
477,muggle,22
478,glass,22
479,havent,22
480,noise,22
481,since,22
482,exactly,22
483,car,22
484,cupboard,22
485,isnt,22
486,unicorn,22
487,blood,22
488,believe,22
489,far,22
490,quirrells,22
491,send,22
492,moved,22
493,strange,22
494,reason,22
495,letters,22
496,such,21
497,mouth,21
498,feel,21
499,yeah,21
500,knows,21
501,pale,21
502,dear,21
503,dropped,21
504,muttered,21
505,tonight,21
506,street,21
507,legs,21
508,watched,21
509,pointed,21
510,mum,21
511,horrible,21
512,class,21
513,held,21
514,platform,21
515,talk,21
516,crabbe,21
517,together,20
518,managed,20
519,however,20
520,asleep,20
521,rons,20
522,slowly,20
523,smiling,20
524,drive,20
525,cup,20
526,huge,20
527,stupid,20
528,nine,20
529,kill,20
530,dog,20
531,speak,20
532,idea,20
533,flitwick,20
534,alone,20
535,gasped,20
536,ronan,20
537,forget,20
538,ceiling,20
539,fast,20
540,followed,20
541,run,19
542,youknowwho,19
543,waiting,19
544,wait,19
545,met,19
546,potters,19
547,raised,19
548,maybe,19
549,making,19
550,close,19
551,turn,19
552,opened,19
553,thousand,19
554,quaffle,19
555,ran,19
556,teachers,19
557,muggles,19
558,arm,19
559,leave,19
560,mad,19
561,heads,19
562,given,19
563,dragons,19
564,safe,19
565,spoke,19
566,watching,19
567,wrong,18
568,game,18
569,died,18
570,sound,18
571,different,18
572,won,18
573,firenze,18
574,hut,18
575,snitch,18
576,chapter,18
577,brought,18
578,boys,18
579,times,18
580,loudly,18
581,pointing,18
582,word,18
583,follow,18
584,ollivander,18
585,neck,18
586,twelve,18
587,snake,18
588,allowed,18
589,taking,18
590,pleased,18
591,sleep,18
592,stepped,18
593,shook,18
594,er,18
595,seamus,18
596,stand,18
597,cauldron,18
598,knocked,18
599,firstyears,18
600,watch,18
601,hufflepuff,18
602,perhaps,18
603,home,18
604,seat,18
605,usual,18
606,woman,18
607,wearing,18
608,play,18
609,forgotten,17
610,telling,17
611,scar,17
612,sent,17
613,lucky,17
614,number,17
615,lay,17
616,threw,17
617,philosophers,17
618,realised,17
619,sign,17
620,understand,17
621,bright,17
622,doors,17
623,nicolas,17
624,arrived,17
625,listen,17
626,pocket,17
627,disappeared,17
628,money,17
629,call,17
630,pain,17
631,hell,17
632,dumbledores,16
633,near,16
634,terrible,16
635,walls,16
636,pushed,16
637,pitch,16
638,start,16
639,seconds,16
640,eleven,16
641,seem,16
642,bet,16
643,crowd,16
644,above,16
645,showed,16
646,important,16
647,chamber,16
648,ahead,16
649,toad,16
650,became,16
651,nimbus,16
652,supposed,16
653,leg,16
654,privet,16
655,instead,16
656,picked,16
657,chocolate,16
658,thinking,16
659,tea,16
660,potions,16
661,used,16
662,pair,16
663,fang,16
664,ready,16
665,meet,16
666,yelled,15
667,secret,15
668,stuff,15
669,angry,15
670,glasses,15
671,shop,15
672,malfoys,15
673,piers,15
674,twice,15
675,trees,15
676,thanks,15
677,climbed,15
678,having,15
679,others,15
680,nevilles,15
681,shoulder,15
682,ghost,15
683,turning,15
684,also,15
685,friends,15
686,bane,15
687,breath,15
688,learn,15
689,silence,15
690,fact,15
691,dad,15
692,themselves,15
693,today,15
694,third,15
695,flew,14
696,flying,14
697,running,14
698,hurt,14
699,wondered,14
700,lamp,14
701,invisibility,14
702,nervous,14
703,walking,14
704,nearer,14
705,hurried,14
706,nasty,14
707,faces,14
708,turban,14
709,questions,14
710,em,14
711,liked,14
712,happy,14
713,swung,14
714,loud,14
715,portrait,14
716,charlie,14
717,london,14
718,leapt,14
719,quietly,14
720,matter,14
721,tiny,14
722,point,14
723,killed,14
724,bent,14
725,true,14
726,fingers,14
727,worse,14
728,thick,14
729,flint,14
730,playing,14
731,grounds,14
732,free,14
733,jumped,14
734,low,14
735,ages,14
736,spell,14
737,gryffindors,14
738,guarding,14
739,afternoon,14
740,tree,14
741,evening,14
742,sister,14
743,late,14
744,sudden,14
745,kitchen,14
746,birthday,14
747,soon,14
748,yourself,14
749,sky,13
750,shed,13
751,norris,13
752,screamed,13
753,added,13
754,quiet,13
755,scabbers,13
756,ago,13
757,obviously,13
758,odd,13
759,hit,13
760,die,13
761,worry,13
762,body,13
763,miss,13
764,anythin,13
765,somehow,13
766,pink,13
767,seeker,13
768,ones,13
769,arent,13
770,show,13
771,expect,13
772,staircase,13
773,upstairs,13
774,wide,13
775,expelled,13
776,package,13
777,paper,13
778,apart,13
779,seized,13
780,lessons,13
781,wed,13
782,brooms,13
783,pile,13
784,pomfrey,13
785,tower,13
786,smiled,13
787,finished,13
788,smile,13
789,tail,13
790,direction,13
791,wild,13
792,several,13
793,box,13
794,carefully,13
795,post,13
796,shaking,13
797,middle,13
798,six,13
799,fifty,13
800,hour,13
801,deep,13
802,bludgers,13
803,lose,13
804,hedwig,13
805,pull,12
806,minute,12
807,midnight,12
808,witch,12
809,grabbed,12
810,live,12
811,explain,12
812,knees,12
813,ears,12
814,forehead,12
815,expected,12
816,heavy,12
817,tall,12
818,ball,12
819,brothers,12
820,possible,12
821,eh,12
822,walk,12
823,broken,12
824,hanging,12
825,leaves,12
826,purple,12
827,case,12
828,real,12
829,hung,12
830,known,12
831,crate,12
832,eye,12
833,easy,12
834,difficult,12
835,appeared,12
836,wands,12
837,leaving,12
838,hurry,12
839,leant,12
840,wondering,12
841,hermiones,12
842,line,12
843,chess,12
844,griphook,12
845,smell,12
846,lying,12
847,albus,12
848,powerful,12
849,oclock,12
850,blue,12
851,buy,12
852,dare,12
853,hold,12
854,hole,12
855,says,12
856,path,12
857,scared,12
858,beard,12
859,bin,12
860,keys,12
861,classroom,12
862,weasleys,12
863,break,12
864,keeper,11
865,shock,11
866,station,11
867,changed,11
868,breakfast,11
869,crept,11
870,cried,11
871,shot,11
872,clearly,11
873,boat,11
874,listening,11
875,magical,11
876,friend,11
877,touch,11
878,key,11
879,days,11
880,rolled,11
881,racing,11
882,chance,11
883,broke,11
884,worried,11
885,underneath,11
886,am,11
887,although,11
888,edge,11
889,hundreds,11
890,ticket,11
891,ah,11
892,halloween,11
893,least,11
894,card,11
895,rose,11
896,landed,11
897,nobody,11
898,lets,11
899,closer,11
900,bottle,11
901,goes,11
902,happen,11
903,smeltings,11
904,written,11
905,hooch,11
906,spent,11
907,inches,11
908,nervously,11
909,locked,11
910,sharp,11
911,trapdoor,11
912,usually,11
913,hoping,11
914,spotted,11
915,rock,11
916,decided,11
917,busy,11
918,vernons,11
919,fall,11
920,grey,11
921,glad,11
922,steal,11
923,burst,11
924,none,11
925,probably,11
926,clapped,11
927,foot,11
928,families,11
929,story,11
930,young,10
931,normal,10
932,holidays,10
933,agreed,10
934,step,10
935,working,10
936,hidden,10
937,lock,10
938,may,10
939,wonder,10
940,woke,10
941,crash,10
942,opposite,10
943,sounded,10
944,windows,10
945,sofa,10
946,win,10
947,outta,10
948,plant,10
949,vault,10
950,entrance,10
951,whos,10
952,baby,10
953,balls,10
954,whether,10
955,starting,10
956,news,10
957,indeed,10
958,ravenclaw,10
959,question,10
960,tomorrow,10
961,forbidden,10
962,narrow,10
963,shouldnt,10
964,food,10
965,business,10
966,realise,10
967,throwing,10
968,pulling,10
969,threequarters,10
970,keeping,10
971,stairs,10
972,bought,10
973,careful,10
974,furiously,10
975,mistake,10
976,slytherins,10
977,dream,10
978,remembered,10
979,thirteen,10
980,thin,10
981,jordan,10
982,carried,10
983,carrying,10
984,egg,10
985,myself,10
986,draco,10
987,lee,10
988,curse,10
989,leaky,10
990,presents,10
991,storm,10
992,prefect,10
993,neither,10
994,dormitory,10
995,power,10
996,learnt,10
997,chair,10
998,umbrella,10
999,television,10
1 000,eat,10
1 001,reminded,10
1 002,corridors,10
1 003,interesting,10
1 004,teacher,10
1 005,row,10
1 006,dangerous,10
1 007,girl,10
1 008,earth,10
1 009,fear,10
1 010,doesnt,10
1 011,death,10
1 012,unless,10
1 013,lesson,10
1 014,waved,10
1 015,lived,10
1 016,invisible,10
1 017,sit,10
1 018,slipped,10
1 019,jerked,10
1 020,size,10
1 021,luck,10
1 022,clearing,10
1 023,horror,10
1 024,save,10
1 025,pockets,10
1 026,surprise,10
1 027,knowing,10
1 028,coat,10
1 029,goblin,10
1 030,nodded,10
1 031,during,10
1 032,stick,10
1 033,ear,9
1 034,wind,9
1 035,joined,9
1 036,brown,9
1 037,eating,9
1 038,afraid,9
1 039,steps,9
1 040,noticing,9
1 041,brother,9
1 042,broomsticks,9
1 043,stands,9
1 044,cross,9
1 045,weeks,9
1 046,slid,9
1 047,pieces,9
1 048,parchment,9
1 049,piece,9
1 050,sweets,9
1 051,parcel,9
1 052,ordinary,9
1 053,whatever,9
1 054,alley,9
1 055,golden,9
1 056,exams,9
1 057,hang,9
1 058,job,9
1 059,twin,9
1 060,charlies,9
1 061,wandering,9
1 062,change,9
1 063,son,9
1 064,fight,9
1 065,hated,9
1 066,teeth,9
1 067,wake,9
1 068,stars,9
1 069,lips,9
1 070,drink,9
1 071,gets,9
1 072,kind,9
1 073,theyll,9
1 074,drew,9
1 075,cry,9
1 076,potion,9
1 077,flat,9
1 078,meant,9
1 079,envelope,9
1 080,compartment,9
1 081,relief,9
1 082,knock,9
1 083,stuck,9
1 084,bludger,9
1 085,rules,9
1 086,silent,9
1 087,cut,9
1 088,bloody,9
1 089,jumper,9
1 090,facing,9
1 091,bowed,9
1 092,trunk,9
1 093,jus,9
1 094,giving,9
1 095,water,9
1 096,needed,9
1 097,single,9
1 098,laughed,9
1 099,fly,9
1 100,lady,9
1 101,names,9
1 102,diagon,9
1 103,following,9
1 104,sorting,9
1 105,footsteps,9
1 106,lead,9
1 107,hours,9
1 108,often,8
1 109,worth,8
1 110,lots,8
1 111,thank,8
1 112,notice,8
1 113,goblins,8
1 114,suggested,8
1 115,notes,8
1 116,nostrils,8
1 117,wanting,8
1 118,yehve,8
1 119,wants,8
1 120,interested,8
1 121,lit,8
1 122,twenty,8
1 123,yours,8
1 124,stool,8
1 125,certainly,8
1 126,practice,8
1 127,pig,8
1 128,sometimes,8
1 129,stones,8
1 130,girls,8
1 131,grass,8
1 132,poor,8
1 133,quick,8
1 134,knocking,8
1 135,trembling,8
1 136,shows,8
1 137,crying,8
1 138,erised,8
1 139,halfway,8
1 140,dinner,8
1 141,jump,8
1 142,handle,8
1 143,whisper,8
1 144,shake,8
1 145,warned,8
1 146,become,8
1 147,remembrall,8
1 148,bottom,8
1 149,warning,8
1 150,sighed,8
1 151,bag,8
1 152,care,8
1 153,couple,8
1 154,gotta,8
1 155,truth,8
1 156,clothes,8
1 157,sea,8
1 158,awake,8
1 159,hate,8
1 160,covered,8
1 161,spot,8
1 162,wing,8
1 163,furious,8
1 164,dunno,8
1 165,asking,8
1 166,fun,8
1 167,reflection,8
1 168,simply,8
1 169,swallowed,8
1 170,arts,8
1 171,teach,8
1 172,wished,8
1 173,led,8
1 174,chasers,8
1 175,motorbike,8
1 176,damp,8
1 177,witches,8
1 178,branches,8
1 179,excuse,8
1 180,marble,8
1 181,sped,8
1 182,cake,8
1 183,dogs,8
1 184,trolls,8
1 185,shes,8
1 186,snarled,8
1 187,person,8
1 188,less,8
1 189,wooden,8
1 190,tight,8
1 191,looks,8
1 192,laughing,8
1 193,seems,8
1 194,herself,8
1 195,frogs,8
1 196,livingroom,8
1 197,brilliant,8
1 198,summer,8
1 199,loads,8
1 200,rushed,8
1 201,breaking,8
1 202,passageway,8
1 203,chessmen,8
1 204,alive,8
1 205,twisted,8
1 206,houses,8
1 207,longbottom,8
1 208,toilet,8
1 209,faded,8
1 210,force,8
1 211,moving,8
1 212,mention,8
1 213,desperate,8
1 214,ways,7
1 215,waving,7
1 216,waited,7
1 217,ignored,7
1 218,voldemorts,7
1 219,visit,7
1 220,binoculars,7
1 221,useful,7
1 222,uniform,7
1 223,underground,7
1 224,boats,7
1 225,bottles,7
1 226,trust,7
1 227,brave,7
1 228,trolley,7
1 229,touched,7
1 230,threeheaded,7
1 231,thousands,7
1 232,list,7
1 233,thinks,7
1 234,cats,7
1 235,theyve,7
1 236,muttering,7
1 237,centaur,7
1 238,changing,7
1 239,charms,7
1 240,terrified,7
1 241,mustve,7
1 242,cheer,7
1 243,tears,7
1 244,murmured,7
1 245,chuckled,7
1 246,clean,7
1 247,clicked,7
1 248,swooped,7
1 249,club,7
1 250,clutching,7
1 251,surprised,7
1 252,itll,7
1 253,summat,7
1 254,study,7
1 255,strode,7
1 256,stranger,7
1 257,stayed,7
1 258,crossed,7
1 259,joke,7
1 260,curious,7
1 261,sprang,7
1 262,spells,7
1 263,special,7
1 264,darkness,7
1 265,sparks,7
1 266,sounding,7
1 267,somethin,7
1 268,solid,7
1 269,snout,7
1 270,zoo,7
1 271,slightly,7
1 272,slammed,7
1 273,kicked,7
1 274,silently,7
1 275,sick,7
1 276,dressed,7
1 277,showing,7
1 278,shoulders,7
1 279,shops,7
1 280,shocked,7
1 281,sharply,7
1 282,dungeons,7
1 283,shall,7
1 284,shadows,7
1 285,eagerly,7
1 286,easily,7
1 287,knight,7
1 288,seats,7
1 289,ministry,7
1 290,entered,7
1 291,evil,7
1 292,excellent,7
1 293,saturday,7
1 294,safely,7
1 295,lake,7
1 296,fathers,7
1 297,rubbish,7
1 298,feast,7
1 299,midair,7
1 300,feather,7
1 301,figure,7
1 302,filled,7
1 303,finding,7
1 304,fine,7
1 305,finnigan,7
1 306,road,7
1 307,flash,7
1 308,reading,7
1 309,quills,7
1 310,frog,7
1 311,proud,7
1 312,means,7
1 313,properly,7
1 314,pressed,7
1 315,players,7
1 316,piled,7
1 317,peering,7
1 318,growled,7
1 319,peered,7
1 320,grunted,7
1 321,guard,7
1 322,passing,7
1 323,particularly,7
1 324,packed,7
1 325,handed,7
1 326,harder,7
1 327,marched,7
1 328,hiding,7
1 329,higher,7
1 330,hissed,7
1 331,history,7
1 332,homework,7
1 333,noses,7
1 334,yesterday,7
1 335,wrapped,7
1 336,hot,7
1 337,worked,7
1 338,angrily,7
1 339,woods,7
1 340,anywhere,7
1 341,armour,7
1 342,wish,7
1 343,attention,7
1 344,bacon,7
1 345,wheres,7
1 346,howling,7
1 347,lily,7
1 348,newspaper,7
1 349,welcome,7
1 350,patil,6
1 351,bedroom,6
1 352,courage,6
1 353,scarlet,6
1 354,moaned,6
1 355,difference,6
1 356,grin,6
1 357,dived,6
1 358,leading,6
1 359,perfect,6
1 360,nah,6
1 361,lurking,6
1 362,laugh,6
1 363,floating,6
1 364,darkly,6
1 365,stunned,6
1 366,warm,6
1 367,speaking,6
1 368,itself,6
1 369,master,6
1 370,below,6
1 371,cakes,6
1 372,vol,6
1 373,speed,6
1 374,speeding,6
1 375,beneath,6
1 376,garden,6
1 377,everybody,6
1 378,flute,6
1 379,rid,6
1 380,everyflavour,6
1 381,fixed,6
1 382,cleared,6
1 383,breathing,6
1 384,pinned,6
1 385,doorway,6
1 386,grab,6
1 387,knuts,6
1 388,split,6
1 389,teams,6
1 390,view,6
1 391,prefects,6
1 392,clear,6
1 393,revision,6
1 394,everywhere,6
1 395,soft,6
1 396,planets,6
1 397,rat,6
1 398,stomach,6
1 399,tables,6
1 400,fallen,6
1 401,exam,6
1 402,plates,6
1 403,training,6
1 404,needs,6
1 405,hospital,6
1 406,trophy,6
1 407,youngest,6
1 408,abou,6
1 409,dragged,6
1 410,clambered,6
1 411,yellow,6
1 412,return,6
1 413,telephone,6
1 414,yehll,6
1 415,lightning,6
1 416,hoops,6
1 417,chest,6
1 418,restricted,6
1 419,desk,6
1 420,nothin,6
1 421,goodbye,6
1 422,smoke,6
1 423,bill,6
1 424,eight,6
1 425,rule,6
1 426,lumpy,6
1 427,fangs,6
1 428,relieved,6
1 429,platforms,6
1 430,honestly,6
1 431,losing,6
1 432,flames,6
1 433,human,6
1 434,wrist,6
1 435,afford,6
1 436,older,6
1 437,vanished,6
1 438,stretched,6
1 439,hide,6
1 440,hungry,6
1 441,wonderful,6
1 442,cheers,6
1 443,drills,6
1 444,section,6
1 445,cheering,6
1 446,hurrying,6
1 447,tired,6
1 448,laughter,6
1 449,moonlight,6
1 450,wizardry,6
1 451,thrown,6
1 452,wizarding,6
1 453,goalposts,6
1 454,excitedly,6
1 455,rang,6
1 456,blankets,6
1 457,imagine,6
1 458,join,6
1 459,nearest,6
1 460,short,6
1 461,lie,6
1 462,football,6
1 463,blew,6
1 464,order,6
1 465,drove,6
1 466,tap,6
1 467,computer,6
1 468,shooting,6
1 469,fighting,6
1 470,kings,6
1 471,headless,6
1 472,hasnt,6
1 473,repeated,6
1 474,whod,6
1 475,overhead,6
1 476,sausages,6
1 477,shivered,6
1 478,mothers,6
1 479,reckon,6
1 480,backwards,6
1 481,happily,6
1 482,possession,6
1 483,pack,6
1 484,shelves,6
1 485,cause,6
1 486,wherever,6
1 487,completely,6
1 488,ghosts,6
1 489,mountain,6
1 490,dean,6
1 491,gettin,6
1 492,cart,6
1 493,favourite,6
1 494,crack,6
1 495,board,6
1 496,mysterious,6
1 497,panted,6
1 498,term,6
1 499,gently,6
1 500,mcgonagalls,6
1 501,moustache,6
1 502,extra,6
1 503,delighted,6
1 504,barrier,6
1 505,h,6
1 506,beans,6
1 507,sun,5
1 508,skin,5
1 509,leaning,5
1 510,present,5
1 511,calm,5
1 512,dive,5
1 513,sixteen,5
1 514,boots,5
1 515,impressed,5
1 516,nerve,5
1 517,practise,5
1 518,firsyears,5
1 519,ridgeback,5
1 520,tut,5
1 521,twitched,5
1 522,boa,5
1 523,possibly,5
1 524,swooping,5
1 525,blown,5
1 526,fitted,5
1 527,ginny,5
1 528,imagining,5
1 529,unusual,5
1 530,blinked,5
1 531,kid,5
1 532,blimey,5
1 533,faint,5
1 534,glittering,5
1 535,unwrapped,5
1 536,upset,5
1 537,bits,5
1 538,birds,5
1 539,bike,5
1 540,plastic,5
1 541,classes,5
1 542,mumbled,5
1 543,bewitched,5
1 544,clapping,5
1 545,sprinted,5
1 546,involved,5
1 547,gran,5
1 548,curiously,5
1 549,voices,5
1 550,mummy,5
1 551,bellowed,5
1 552,bell,5
1 553,greatest,5
1 554,believed,5
1 555,mars,5
1 556,photographs,5
1 557,throat,5
1 558,phoenix,5
1 559,grew,5
1 560,shrieked,5
1 561,perfectly,5
1 562,warmth,5
1 563,lower,5
1 564,grinned,5
1 565,squinting,5
1 566,centaurs,5
1 567,snare,5
1 568,lemon,5
1 569,throw,5
1 570,peoples,5
1 571,joking,5
1 572,becoming,5
1 573,wiping,5
1 574,groaned,5
1 575,pay,5
1 576,celebrating,5
1 577,bear,5
1 578,beaming,5
1 579,crossbow,5
1 580,weak,5
1 581,werewolf,5
1 582,bars,5
1 583,stare,5
1 584,panic,5
1 585,drop,5
1 586,baron,5
1 587,faster,5
1 588,ickle,5
1 589,barked,5
1 590,halt,5
1 591,barely,5
1 592,miserably,5
1 593,handkerchief,5
1 594,bald,5
1 595,happens,5
1 596,badly,5
1 597,whistle,5
1 598,wings,5
1 599,duel,5
1 600,sherbet,5
1 601,mark,5
1 602,winked,5
1 603,sheets,5
1 604,winning,5
1 605,lines,5
1 606,share,5
1 607,tapped,5
1 608,marcus,5
1 609,witchcraft,5
1 610,opinion,5
1 611,carry,5
1 612,archway,5
1 613,detention,5
1 614,helped,5
1 615,hurtled,5
1 616,anxiously,5
1 617,country,5
1 618,herbology,5
1 619,feathers,5
1 620,lies,5
1 621,dyou,5
1 622,sticks,5
1 623,animals,5
1 624,hey,5
1 625,slithering,5
1 626,wore,5
1 627,ok,5
1 628,worst,5
1 629,severus,5
1 630,office,5
1 631,oak,5
1 632,age,5
1 633,writing,5
1 634,adventure,5
1 635,music,5
1 636,yell,5
1 637,toilets,5
1 638,tightly,5
1 639,socks,5
1 640,norwegian,5
1 641,lights,5
1 642,nor,5
1 643,daylight,5
1 644,yourselves,5
1 645,thirty,5
1 646,ropes,5
1 647,eggs,5
1 648,bundle,5
1 649,strangely,5
1 650,contact,5
1 651,elixir,5
1 652,struck,5
1 653,james,5
1 654,cards,5
1 655,enchantments,5
1 656,figg,5
1 657,devils,5
1 658,captain,5
1 659,temper,5
1 660,mine,5
1 661,filchs,5
1 662,romania,5
1 663,enormous,5
1 664,roll,5
1 665,scrambled,5
1 666,complained,5
1 667,complain,5
1 668,score,5
1 669,minds,5
1 670,chaser,5
1 671,rob,5
1 672,collapsed,5
1 673,roast,5
1 674,forced,5
1 675,coins,5
1 676,fool,5
1 677,excitement,5
1 678,saved,5
1 679,sank,5
1 680,sandwiches,5
1 681,explained,5
1 682,closed,5
1 683,exploded,5
1 684,miles,5
1 685,cloaks,5
1 686,forgive,5
1 687,towering,5
1 688,town,5
1 689,meeting,5
1 690,bronze,5
1 691,transfiguration,5
1 692,neat,5
1 693,bringing,5
1 694,bring,5
1 695,friendly,5
1 696,breathe,5
1 697,frightened,5
1 698,putting,5
1 699,brass,5
1 700,purpose,5
1 701,meanwhile,5
1 702,proper,5
1 703,pretty,5
1 704,pretending,5
1 705,gamekeeper,5
1 706,gang,5
1 707,sparkling,4
1 708,extremely,4
1 709,months,4
1 710,eyebrows,4
1 711,journey,4
1 712,dodged,4
1 713,kick,4
1 714,realising,4
1 715,danger,4
1 716,flushed,4
1 717,mood,4
1 718,sniffed,4
1 719,spiral,4
1 720,mixed,4
1 721,silvery,4
1 722,toast,4
1 723,doubt,4
1 724,fair,4
1 725,rustling,4
1 726,tabby,4
1 727,curtains,4
1 728,cursed,4
1 729,downstairs,4
1 730,moon,4
1 731,fluttered,4
1 732,sideways,4
1 733,sides,4
1 734,fluttering,4
1 735,century,4
1 736,squashy,4
1 737,drawing,4
1 738,shuffled,4
1 739,squeaked,4
1 740,dreamed,4
1 741,dreams,4
1 742,squeezed,4
1 743,dressinggown,4
1 744,crunching,4
1 745,missing,4
1 746,report,4
1 747,missed,4
1 748,drinking,4
1 749,stamp,4
1 750,crowded,4
1 751,shout,4
1 752,flashed,4
1 753,snowy,4
1 754,rude,4
1 755,shortly,4
1 756,johnson,4
1 757,desperately,4
1 758,startofterm,4
1 759,chosen,4
1 760,dry,4
1 761,shone,4
1 762,sobbed,4
1 763,thundered,4
1 764,shiny,4
1 765,staying,4
1 766,crashed,4
1 767,didn,4
1 768,cauldrons,4
1 769,fault,4
1 770,casually,4
1 771,rats,4
1 772,destroyed,4
1 773,stern,4
1 774,shame,4
1 775,dustbin,4
1 776,sticking,4
1 777,toppled,4
1 778,dyeh,4
1 779,dying,4
1 780,flaming,4
1 781,tapping,4
1 782,rattling,4
1 783,counter,4
1 784,thirdfloor,4
1 785,early,4
1 786,tore,4
1 787,counted,4
1 788,flick,4
1 789,folk,4
1 790,taught,4
1 791,rounded,4
1 792,serious,4
1 793,roughly,4
1 794,eaten,4
1 795,stonewall,4
1 796,september,4
1 797,blame,4
1 798,blackhaired,4
1 799,plump,4
1 800,pumpkin,4
1 801,excited,4
1 802,mixture,4
1 803,player,4
1 804,bite,4
1 805,bowl,4
1 806,foolish,4
1 807,recognised,4
1 808,gonna,4
1 809,floors,4
1 810,roared,4
1 811,trunks,4
1 812,knowin,4
1 813,goodness,4
1 814,plate,4
1 815,fungi,4
1 816,coldly,4
1 817,plan,4
1 818,places,4
1 819,bound,4
1 820,flooded,4
1 821,everyones,4
1 822,pipe,4
1 823,suit,4
1 824,botts,4
1 825,beside,4
1 826,bertie,4
1 827,finish,4
1 828,dedalus,4
1 829,deeply,4
1 830,threatening,4
1 831,bursting,4
1 832,piercing,4
1 833,suggest,4
1 834,protect,4
1 835,smallest,4
1 836,brightly,4
1 837,makes,4
1 838,problems,4
1 839,galleons,4
1 840,clock,4
1 841,search,4
1 842,petrified,4
1 843,freckles,4
1 844,titles,4
1 845,quicker,4
1 846,reflected,4
1 847,incredible,4
1 848,stumbled,4
1 849,idiot,4
1 850,perched,4
1 851,warn,4
1 852,pretend,4
1 853,friar,4
1 854,finds,4
1 855,deeper,4
1 856,friday,4
1 857,budge,4
1 858,ripped,4
1 859,beautiful,4
1 860,beaters,4
1 861,beat,4
1 862,beasts,4
1 863,decide,4
1 864,grown,4
1 865,peculiar,4
1 866,peas,4
1 867,thatll,4
1 868,lent,4
1 869,studying,4
1 870,wave,4
1 871,foul,4
1 872,sorted,4
1 873,mentioned,4
1 874,guess,4
1 875,necks,4
1 876,sweet,4
1 877,passage,4
1 878,pass,4
1 879,jacket,4
1 880,parvati,4
1 881,dirty,4
1 882,part,4
1 883,bat,4
1 884,rage,4
1 885,hairy,4
1 886,queen,4
1 887,cannot,4
1 888,wet,4
1 889,lord,4
1 890,learning,4
1 891,pairs,4
1 892,bolt,4
1 893,icy,4
1 894,barman,4
1 895,impossible,4
1 896,quivering,4
1 897,rattled,4
1 898,bobbing,4
1 899,hamburger,4
1 900,complete,4
1 901,packages,4
1 902,banquet,4
1 903,rain,4
1 904,lookin,4
1 905,marks,4
1 906,moments,4
1 907,twitching,4
1 908,whipped,4
1 909,whispering,4
1 910,happening,4
1 911,received,4
1 912,ice,4
1 913,lives,4
1 914,owned,4
1 915,recent,4
1 916,smelled,4
1 917,sorts,4
1 918,screaming,4
1 919,owlery,4
1 920,cheek,4
1 921,overcoat,4
1 922,lap,4
1 923,delicious,4
1 924,award,4
1 925,wildly,4
1 926,nick,4
1 927,hats,4
1 928,ate,4
1 929,ourselves,4
1 930,leviosa,4
1 931,potatoes,4
1 932,trip,4
1 933,ours,4
1 934,clutched,4
1 935,ends,4
1 936,ought,4
1 937,headmaster,4
1 938,braver,4
1 939,nerves,4
1 940,aside,4
1 941,hearts,4
1 942,struggling,4
1 943,softly,4
1 944,heavily,4
1 945,orange,4
1 946,wishing,4
1 947,unfortunately,4
1 948,armchairs,4
1 949,pop,4
1 950,struggled,4
1 951,emptied,4
1 952,strongly,4
1 953,argue,4
1 954,rare,4
1 955,woken,4
1 956,unicorns,4
1 957,unpleasant,4
1 958,blocked,4
1 959,gives,4
1 960,herbs,4
1 961,interest,4
1 962,immediately,4
1 963,fifteen,4
1 964,answered,4
1 965,quill,4
1 966,lift,4
1 967,glancing,4
1 968,confused,4
1 969,anger,4
1 970,angelina,4
1 971,ink,4
1 972,oliver,4
1 973,glared,4
1 974,map,4
1 975,brandy,4
1 976,among,4
1 977,seeing,4
1 978,amazement,4
1 979,amazed,4
1 980,blinking,4
1 981,frantically,4
1 982,gliding,4
1 983,hissing,4
1 984,sneaking,4
1 985,malkins,4
1 986,offered,4
1 987,wouldn,4
1 988,ajar,4
1 989,obvious,4
1 990,poking,4
1 991,glinting,4
1 992,fierce,4
1 993,streaked,4
1 994,merrily,4
1 995,seekers,4
1 996,fudge,4
1 997,hullo,4
1 998,constrictor,4
1 999,knee,4
2 000,addressed,4
2 001,roof,4
2 002,hooded,4
2 003,yehd,4
2 004,control,4
2 005,hufflepuffs,4
2 006,stories,4
2 007,fewer,4
2 008,suspected,4
2 009,hoped,4
2 010,unwrap,4
2 011,burning,4
2 012,mystry,4
2 013,sense,4
2 014,younger,4
2 015,kitchens,4
2 016,horse,4
2 017,manage,4
2 018,movements,4
2 019,championship,4
2 020,sleeve,4
2 021,nonsense,4
2 022,sleeping,4
2 023,nodding,4
2 024,punished,4
2 025,snatched,4
2 026,distance,4
2 027,fireplace,4
2 028,distant,4
2 029,pucey,3
2 030,proudly,3
2 031,neednt,3
2 032,starts,3
2 033,kiss,3
2 034,statue,3
2 035,prophet,3
2 036,bothered,3
2 037,m,3
2 038,smaller,3
2 039,bother,3
2 040,shell,3
2 041,promised,3
2 042,shelf,3
2 043,steep,3
2 044,problem,3
2 045,mountains,3
2 046,borrowed,3
2 047,crackers,3
2 048,tucked,3
2 049,boring,3
2 050,sobbing,3
2 051,shaped,3
2 052,tuesday,3
2 053,shape,3
2 054,pretended,3
2 055,jet,3
2 056,games,3
2 057,cousin,3
2 058,shaken,3
2 059,counting,3
2 060,bored,3
2 061,shadow,3
2 062,eager,3
2 063,determined,3
2 064,eagle,3
2 065,practising,3
2 066,earlier,3
2 067,leap,3
2 068,turkey,3
2 069,earn,3
2 070,stiffly,3
2 071,couldve,3
2 072,bolted,3
2 073,gathered,3
2 074,seventeen,3
2 075,stole,3
2 076,boils,3
2 077,powers,3
2 078,boiling,3
2 079,stolen,3
2 080,powdered,3
2 081,turns,3
2 082,bogies,3
2 083,setting,3
2 084,easier,3
2 085,twig,3
2 086,movement,3
2 087,cost,3
2 088,echoed,3
2 089,copper,3
2 090,coolly,3
2 091,cool,3
2 092,seize,3
2 093,postcard,3
2 094,impatiently,3
2 095,blurted,3
2 096,effort,3
2 097,jaws,3
2 098,strained,3
2 099,living,3
2 100,strength,3
2 101,blow,3
2 102,gigantic,3
2 103,confusion,3
2 104,stretching,3
2 105,strict,3
2 106,emerald,3
2 107,blond,3
2 108,leather,3
2 109,emeraldgreen,3
2 110,stroked,3
2 111,strong,3
2 112,keen,3
2 113,jam,3
2 114,glance,3
2 115,glanced,3
2 116,concentrate,3
2 117,sneer,3
2 118,glaring,3
2 119,demanded,3
2 120,enemies,3
2 121,scribbled,3
2 122,gleaming,3
2 123,lip,3
2 124,blinding,3
2 125,glided,3
2 126,engine,3
2 127,screech,3
2 128,poked,3
2 129,scream,3
2 130,poison,3
2 131,scratching,3
2 132,knobbly,3
2 133,scraping,3
2 134,enter,3
2 135,smooth,3
2 136,gloom,3
2 137,compared,3
2 138,gloomy,3
2 139,equipment,3
2 140,stuffed,3
2 141,escape,3
2 142,upwards,3
2 143,stumped,3
2 144,glowing,3
2 145,especially,3
2 146,bitterly,3
2 147,uses,3
2 148,bitten,3
2 149,subject,3
2 150,events,3
2 151,colour,3
2 152,goblet,3
2 153,scales,3
2 154,collecting,3
2 155,bishop,3
2 156,played,3
2 157,vampires,3
2 158,collect,3
2 159,goin,3
2 160,everythin,3
2 161,vanishing,3
2 162,vast,3
2 163,colder,3
2 164,binns,3
2 165,lion,3
2 166,examined,3
2 167,dungeon,3
2 168,sayin,3
2 169,sunk,3
2 170,muffled,3
2 171,sunlight,3
2 172,exciting,3
2 173,coats,3
2 174,biggest,3
2 175,surely,3
2 176,sausage,3
2 177,plain,3
2 178,sweaty,3
2 179,bigger,3
2 180,vaults,3
2 181,bezoar,3
2 182,clouds,3
2 183,sweeping,3
2 184,bewildered,3
2 185,closely,3
2 186,village,3
2 187,explaining,3
2 188,smiles,3
2 189,swiftly,3
2 190,violet,3
2 191,swish,3
2 192,pince,3
2 193,eyed,3
2 194,visited,3
2 195,swishing,3
2 196,pillow,3
2 197,climbing,3
2 198,mighta,3
2 199,bend,3
2 200,sadly,3
2 201,cliff,3
2 202,swore,3
2 203,wailed,3
2 204,grateful,3
2 205,belonged,3
2 206,belong,3
2 207,clever,3
2 208,sad,3
2 209,irritably,3
2 210,failed,3
2 211,pie,3
2 212,greatuncle,3
2 213,longer,3
2 214,takin,3
2 215,pick,3
2 216,waist,3
2 217,laid,3
2 218,rumours,3
2 219,behaving,3
2 220,pewter,3
2 221,rumbling,3
2 222,talked,3
2 223,tallest,3
2 224,ignore,3
2 225,begin,3
2 226,fantastic,3
2 227,cinecamera,3
2 228,ruined,3
2 229,deliver,3
2 230,loved,3
2 231,tank,3
2 232,tantrum,3
2 233,ruffled,3
2 234,ruff,3
2 235,ruddy,3
2 236,tape,3
2 237,grip,3
2 238,rubeus,3
2 239,gripped,3
2 240,sold,3
2 241,rubbing,3
2 242,favoured,3
2 243,rows,3
2 244,lowered,3
2 245,delight,3
2 246,interrupted,3
2 247,plunged,3
2 248,choose,3
2 249,maroon,3
2 250,monday,3
2 251,choked,3
2 252,song,3
2 253,growls,3
2 254,mice,3
2 255,choice,3
2 256,teapot,3
2 257,grubby,3
2 258,tearing,3
2 259,pause,3
2 260,gruffly,3
2 261,patting,3
2 262,love,3
2 263,chicken,3
2 264,rooms,3
2 265,ideas,3
2 266,sooner,3
2 267,pasty,3
2 268,field,3
2 269,fields,3
2 270,metal,3
2 271,pasties,3
2 272,guardin,3
2 273,cheerful,3
2 274,bean,3
2 275,ronald,3
2 276,slumped,3
2 277,guide,3
2 278,cheered,3
2 279,marmalade,3
2 280,beamed,3
2 281,beak,3
2 282,figgs,3
2 283,checking,3
2 284,mustnt,3
2 285,somebody,3
2 286,ha,3
2 287,definitely,3
2 288,partner,3
2 289,wear,3
2 290,battle,3
2 291,mess,3
2 292,weather,3
2 293,battered,3
2 294,chat,3
2 295,wednesday,3
2 296,weighing,3
2 297,finger,3
2 298,chasing,3
2 299,hairs,3
2 300,robe,3
2 301,defence,3
2 302,mutter,3
2 303,roaring,3
2 304,roar,3
2 305,test,3
2 306,barons,3
2 307,difficulty,3
2 308,charm,3
2 309,halfmoon,3
2 310,painful,3
2 311,risk,3
2 312,rising,3
2 313,meself,3
2 314,firmly,3
2 315,rise,3
2 316,firstyear,3
2 317,chalk,3
2 318,paid,3
2 319,fist,3
2 320,wheezing,3
2 321,fists,3
2 322,las,3
2 323,slow,3
2 324,banner,3
2 325,handing,3
2 326,chairs,3
2 327,bank,3
2 328,ribs,3
2 329,whichever,3
2 330,returned,3
2 331,balloon,3
2 332,results,3
2 333,flamels,3
2 334,letterbox,3
2 335,hannah,3
2 336,reptile,3
2 337,jumping,3
2 338,reminds,3
2 339,flavour,3
2 340,fleet,3
2 341,oy,3
2 342,remembers,3
2 343,flicked,3
2 344,mercy,3
2 345,markings,3
2 346,flickering,3
2 347,lately,3
2 348,badge,3
2 349,cared,3
2 350,backs,3
2 351,relax,3
2 352,whistled,3
2 353,backed,3
2 354,refuse,3
2 355,babble,3
2 356,cannon,3
2 357,refereeing,3
2 358,referee,3
2 359,whose,3
2 360,wicked,3
2 361,awarded,3
2 362,record,3
2 363,wife,3
2 364,nicholas,3
2 365,level,3
2 366,candles,3
2 367,flopped,3
2 368,recognise,3
2 369,wine,3
2 370,reckons,3
2 371,calmly,3
2 372,astronomy,3
2 373,cage,3
2 374,wingardium,3
2 375,ticked,3
2 376,folded,3
2 377,buying,3
2 378,diggle,3
2 379,bushy,3
2 380,reaching,3
2 381,toadless,3
2 382,marge,3
2 383,astonishing,3
2 384,ouch,3
2 385,buried,3
2 386,wiped,3
2 387,ingredients,3
2 388,askin,3
2 389,forbid,3
2 390,penalty,3
2 391,reach,3
2 392,wise,3
2 393,ordered,3
2 394,torn,3
2 395,licking,3
2 396,building,3
2 397,heavens,3
2 398,sloped,3
2 399,space,3
2 400,month,3
2 401,towered,3
2 402,sixty,3
2 403,within,3
2 404,nightmare,3
2 405,dashing,3
2 406,dashed,3
2 407,daring,3
2 408,armchair,3
2 409,raising,3
2 410,nights,3
2 411,dared,3
2 412,dangling,3
2 413,dancing,3
2 414,fork,3
2 415,men,3
2 416,women,3
2 417,singing,3
2 418,malkin,3
2 419,apothecarys,3
2 420,sing,3
2 421,tracks,3
2 422,daily,3
2 423,traffic,3
2 424,spindly,3
2 425,spinnet,3
2 426,ollivanders,3
2 427,doormat,3
2 428,nighttime,3
2 429,ankles,3
2 430,fought,3
2 431,simple,3
2 432,quiver,3
2 433,britain,3
2 434,doris,3
2 435,sport,3
2 436,misty,3
2 437,double,3
2 438,somethings,3
2 439,measure,3
2 440,fourteen,3
2 441,slipping,3
2 442,oldest,3
2 443,fourth,3
2 444,frame,3
2 445,silly,3
2 446,silk,3
2 447,worrying,3
2 448,treacle,3
2 449,snow,3
2 450,algie,3
2 451,spots,3
2 452,alchemy,3
2 453,deal,3
2 454,trembled,3
2 455,brick,3
2 456,trevor,3
2 457,trick,3
2 458,hitting,3
2 459,cursing,3
2 460,freezing,3
2 461,hoarse,3
2 462,wound,3
2 463,agrippa,3
2 464,hummed,3
2 465,jostled,3
2 466,downwards,3
2 467,humbugs,3
2 468,dozen,3
2 469,humans,3
2 470,wrenched,3
2 471,wrestling,3
2 472,nowhere,3
2 473,tricky,3
2 474,spread,3
2 475,holiday,3
2 476,drag,3
2 477,sigh,3
2 478,advice,3
2 479,curled,3
2 480,yawning,3
2 481,sprout,3
2 482,sliding,3
2 483,tries,3
2 484,mistaking,3
2 485,hugged,3
2 486,spying,3
2 487,frightening,3
2 488,address,3
2 489,breakin,3
2 490,add,3
2 491,sickles,3
2 492,acting,3
2 493,putouter,3
2 494,mans,3
2 495,squares,3
2 496,deafening,3
2 497,brazil,3
2 498,bravery,3
2 499,logic,3
2 500,pushing,3
2 501,drawn,3
2 502,shuddered,3
2 503,frowning,3
2 504,yellowish,3
2 505,hows,3
2 506,normally,3
2 507,shrank,3
2 508,youknowwhos,3
2 509,norberts,3
2 510,modern,3
2 511,horribly,3
2 512,pure,3
2 513,july,3
2 514,soul,3
2 515,staff,3
2 516,crumpled,3
2 517,stammered,3
2 518,slept,3
2 519,hotel,3
2 520,shouting,3
2 521,driven,3
2 522,brains,3
2 523,sleepy,3
2 524,lunch,3
2 525,kettle,3
2 526,liking,3
2 527,sounds,3
2 528,keyhole,3
2 529,trousers,3
2 530,sleepily,3
2 531,crockford,3
2 532,puffing,3
2 533,croaked,3
2 534,skywards,3
2 535,puddings,3
2 536,dropping,3
2 537,lump,3
2 538,flutter,3
2 539,acted,2
2 540,actually,2
2 541,admiring,2
2 542,admitted,2
2 543,adrian,2
2 544,aeroplane,2
2 545,afternoons,2
2 546,afterwards,2
2 547,agony,2
2 548,agree,2
2 549,ahem,2
2 550,alarm,2
2 551,alas,2
2 552,alohomora,2
2 553,aloud,2
2 554,ambition,2
2 555,amuse,2
2 556,ancient,2
2 557,angles,2
2 558,animal,2
2 559,announced,2
2 560,annoying,2
2 561,antidark,2
2 562,anxious,2
2 563,anyones,2
2 564,appearance,2
2 565,applause,2
2 566,arguing,2
2 567,armed,2
2 568,ashamed,2
2 569,askew,2
2 570,asphodel,2
2 571,attack,2
2 572,attract,2
2 573,available,2
2 574,await,2
2 575,baggy,2
2 576,bags,2
2 577,bakers,2
2 578,banged,2
2 579,banging,2
2 580,bar,2
2 581,bare,2
2 582,barking,2
2 583,barn,2
2 584,barrels,2
2 585,basketball,2
2 586,beast,2
2 587,beating,2
2 588,beds,2
2 589,beef,2
2 590,beetle,2
2 591,begins,2
2 592,believes,2
2 593,bewitching,2
2 594,billowing,2
2 595,bills,2
2 596,binding,2
2 597,blank,2
2 598,blast,2
2 599,blazing,2
2 600,bless,2
2 601,blink,2
2 602,blistering,2
2 603,block,2
2 604,blonde,2
2 605,blowing,2
2 606,blushed,2
2 607,boarhound,2
2 608,bodybind,2
2 609,boiled,2
2 610,bones,2
2 611,boom,2
2 612,boot,2
2 613,borrow,2
2 614,bossy,2
2 615,bouncing,2
2 616,bounded,2
2 617,boxes,2
2 618,brain,2
2 619,bravely,2
2 620,breathed,2
2 621,breathlessly,2
2 622,breeze,2
2 623,briskly,2
2 624,broad,2
2 625,brokendown,2
2 626,bubbles,2
2 627,buck,2
2 628,bucket,2
2 629,buckle,2
2 630,bulging,2
2 631,bun,2
2 632,bunny,2
2 633,burnt,2
2 634,bush,2
2 635,bye,2
2 636,cackled,2
2 637,calling,2
2 638,calls,2
2 639,cap,2
2 640,careless,2
2 641,caretaker,2
2 642,cars,2
2 643,carved,2
2 644,cast,2
2 645,group,2
2 646,caution,2
2 647,celebrate,2
2 648,ceremony,2
2 649,chased,2
2 650,chatter,2
2 651,chattering,2
2 652,check,2
2 653,checked,2
2 654,cheerfully,2
2 655,child,2
2 656,children,2
2 657,chimney,2
2 658,chipped,2
2 659,choking,2
2 660,chooses,2
2 661,choosing,2
2 662,chops,2
2 663,chortled,2
2 664,chuckling,2
2 665,circling,2
2 666,circumstances,2
2 667,clamber,2
2 668,clamped,2
2 669,clap,2
2 670,clasped,2
2 671,classrooms,2
2 672,claws,2
2 673,clenched,2
2 674,cloud,2
2 675,cloudy,2
2 676,clue,2
2 677,clues,2
2 678,coconut,2
2 679,codswallop,2
2 680,collapsible,2
2 681,colours,2
2 682,comfort,2
2 683,comfortable,2
2 684,comforting,2
2 685,company,2
2 686,complicated,2
2 687,concern,2
2 688,concerned,2
2 689,confusing,2
2 690,contained,2
2 691,continue,2
2 692,continued,2
2 693,contrary,2
2 694,convinced,2
2 695,copy,2
2 696,copying,2
2 697,cosy,2
2 698,coughed,2
2 699,count,2
2 700,countercurse,2
2 701,countryside,2
2 702,courtyard,2
2 703,cover,2
2 704,covers,2
2 705,cracked,2
2 706,cracking,2
2 707,cracks,2
2 708,crammed,2
2 709,craning,2
2 710,crashing,2
2 711,crawling,2
2 712,create,2
2 713,creature,2
2 714,creatures,2
2 715,creep,2
2 716,creepy,2
2 717,crime,2
2 718,crisp,2
2 719,crooked,2
2 720,crouching,2
2 721,crowds,2
2 722,crumpets,2
2 723,crystal,2
2 724,cups,2
2 725,currently,2
2 726,curses,2
2 727,damage,2
2 728,darted,2
2 729,darting,2
2 730,date,2
2 731,dates,2
2 732,dawn,2
2 733,de,2
2 734,deadly,2
2 735,deans,2
2 736,decoration,2
2 737,decorations,2
2 738,defeat,2
2 739,delayed,2
2 740,dense,2
2 741,depths,2
2 742,desire,2
2 743,desks,2
2 744,detentions,2
2 745,developments,2
2 746,diffrent,2
2 747,diggles,2
2 748,direct,2
2 749,directions,2
2 750,director,2
2 751,discoveries,2
2 752,discovery,2
2 753,disgruntled,2
2 754,disgust,2
2 755,disgusted,2
2 756,disgusting,2
2 757,disturb,2
2 758,dogbiscuits,2
2 759,doorknob,2
2 760,doorstep,2
2 761,dormitories,2
2 762,dotted,2
2 763,downright,2
2 764,dragonbreeding,2
2 765,drained,2
2 766,drawling,2
2 767,dreading,2
2 768,dressinggowns,2
2 769,dried,2
2 770,drifted,2
2 771,drinker,2
2 772,drinks,2
2 773,driving,2
2 774,drowned,2
2 775,drunk,2
2 776,ducked,2
2 777,ducking,2
2 778,dull,2
2 779,dusty,2
2 780,dwell,2
2 781,earshot,2
2 782,edged,2
2 783,eeylops,2
2 784,elbow,2
2 785,elses,2
2 786,embarrassed,2
2 787,emeric,2
2 788,emporium,2
2 789,emptying,2
2 790,endofyear,2
2 791,england,2
2 792,enjoying,2
2 793,enjoys,2
2 794,entering,2
2 795,erupted,2
2 796,escalator,2
2 797,escaping,2
2 798,examine,2
2 799,exercise,2
2 800,expecting,2
2 801,express,2
2 802,expression,2
2 803,extraordinary,2
2 804,f,2
2 805,fading,2
2 806,fail,2
2 807,faintest,2
2 808,faintly,2
2 809,falling,2
2 810,fame,2
2 811,familys,2
2 812,fascinating,2
2 813,fashion,2
2 814,fastest,2
2 815,feared,2
2 816,feasts,2
2 817,fed,2
2 818,feeble,2
2 819,feed,2
2 820,feelings,2
2 821,fiercely,2
2 822,fifthyear,2
2 823,figures,2
2 824,finer,2
2 825,fires,2
2 826,firm,2
2 827,firsties,2
2 828,fit,2
2 829,flared,2
2 830,flatly,2
2 831,flatten,2
2 832,flattened,2
2 833,flickered,2
2 834,flight,2
2 835,flipped,2
2 836,flitted,2
2 837,floated,2
2 838,flung,2
2 839,followers,2
2 840,follows,2
2 841,fond,2
2 842,footstool,2
2 843,forests,2
2 844,form,2
2 845,fortnight,2
2 846,fortune,2
2 847,forwards,2
2 848,fours,2
2 849,fringe,2
2 850,frozen,2
2 851,frying,2
2 852,further,2
2 853,fury,2
2 854,future,2
2 855,gallery,2
2 856,galloping,2
2 857,gap,2
2 858,garlic,2
2 859,gasp,2
2 860,gasping,2
2 861,gasps,2
2 862,gateway,2
2 863,gathering,2
2 864,genius,2
2 865,gift,2
2 866,git,2
2 867,glee,2
2 868,glittered,2
2 869,glory,2
2 870,gloves,2
2 871,glowed,2
2 872,golf,2
2 873,goyles,2
2 874,grandfather,2
2 875,grandmother,2
2 876,grangers,2
2 877,grate,2
2 878,gravy,2
2 879,greasy,2
2 880,greed,2
2 881,grimly,2
2 882,grindelwald,2
2 883,grinning,2
2 884,groups,2
2 885,grow,2
2 886,grumpily,2
2 887,grunnings,2
2 888,guilty,2
2 889,gulp,2
2 890,gulped,2
2 891,haircut,2
2 892,ham,2
2 893,hammering,2
2 894,handful,2
2 895,handsome,2
2 896,hangings,2
2 897,happier,2
2 898,harbour,2
2 899,hatching,2
2 900,hates,2
2 901,hawk,2
2 902,headed,2
2 903,headmistress,2
2 904,heap,2
2 905,heaved,2
2 906,heaven,2
2 907,heavier,2
2 908,heel,2
2 909,helping,2
2 910,heres,2
2 911,hero,2
2 912,hesitated,2
2 913,hid,2
2 914,higgs,2
2 915,highsecurity,2
2 916,holly,2
2 917,honour,2
2 918,hooknosed,2
2 919,hooted,2
2 920,hooves,2
2 921,hopefully,2
2 922,hopped,2
2 923,horns,2
2 924,horrified,2
2 925,horses,2
2 926,hovered,2
2 927,howls,2
2 928,huddle,2
2 929,hugging,2
2 930,hunched,2
2 931,hunger,2
2 932,hungrily,2
2 933,hurting,2
2 934,hushed,2
2 935,icecream,2
2 936,icecreams,2
2 937,illegal,2
2 938,imagination,2
2 939,imagined,2
2 940,importantly,2
2 941,improve,2
2 942,informed,2
2 943,infusion,2
2 944,insides,2
2 945,insisted,2
2 946,instant,2
2 947,inter,2
2 948,interfere,2
2 949,interfering,2
2 950,introduce,2
2 951,introduced,2
2 952,invented,2
2 953,jabbed,2
2 954,jackets,2
2 955,jammed,2
2 956,jar,2
2 957,jars,2
2 958,jerk,2
2 959,jewelbright,2
2 960,jim,2
2 961,jog,2
2 962,jolt,2
2 963,joy,2
2 964,keeps,2
2 965,kent,2
2 966,ketchup,2
2 967,killin,2
2 968,killing,2
2 969,kindly,2
2 970,king,2
2 971,kissed,2
2 972,knack,2
2 973,knickerbockers,2
2 974,knuckles,2
2 975,laden,2
2 976,lamplike,2
2 977,land,2
2 978,landing,2
2 979,lasted,2
2 980,lastminute,2
2 981,latest,2
2 982,lavender,2
2 983,leglocker,2
2 984,lemons,2
2 985,length,2
2 986,letting,2
2 987,lifted,2
2 988,lighted,2
2 989,lighter,2
2 990,limped,2
2 991,lined,2
2 992,listened,2
2 993,liver,2
2 994,loosening,2
2 995,shuffling,2
2 996,loudest,2
2 997,luminous,2
2 998,lunchtime,2
2 999,madly,2
3 000,magnificent,2
3 001,mahogany,2
3 002,main,2
3 003,mainly,2
3 004,mane,2
3 005,marges,2
3 006,married,2
3 007,massive,2
3 008,matches,2
3 009,material,2
3 010,measured,2
3 011,measuring,2
3 012,melted,2
3 013,memory,2
3 014,merlin,2
3 015,merry,2
3 016,messing,2
3 017,mint,2
3 018,miserable,2
3 019,misery,2
3 020,mixing,2
3 021,moaning,2
3 022,moleskin,2
3 023,monkshood,2
3 024,monstrous,2
3 025,moons,2
3 026,moren,2
3 027,morgana,2
3 028,motorbikes,2
3 029,mouldy,2
3 030,mount,2
3 031,mounted,2
3 032,mouse,2
3 033,mouthful,2
3 034,mouths,2
3 035,mums,2
3 036,nagging,2
3 037,nails,2
3 038,narrowed,2
3 039,nastily,2
3 040,natural,2
3 041,naughty,2
3 042,nearby,2
3 043,neatly,2
3 044,needles,2
3 045,neighbours,2
3 046,nephew,2
3 047,nettle,2
3 048,nibble,2
3 049,nicer,2
3 050,nightmares,2
3 051,noble,2
3 052,noises,2
3 053,noisy,2
3 054,numbers,2
3 055,occasions,2
3 056,oddly,2
3 057,offended,2
3 058,onwards,2
3 059,orders,2
3 060,ounce,2
3 061,outofbounds,2
3 062,outstanding,2
3 063,overtake,2
3 064,owners,2
3 065,oyt,2
3 066,p,2
3 067,paced,2
3 068,paces,2
3 069,packets,2
3 070,packing,2
3 071,page,2
3 072,painfully,2
3 073,papers,2
3 074,park,2
3 075,parkinson,2
3 076,parted,2
3 077,parties,2
3 078,passageways,2
3 079,passersby,2
3 080,passes,2
3 081,password,2
3 082,patch,2
3 083,patted,2
3 084,paused,2
3 085,pawed,2
3 086,paws,2
3 087,peace,2
3 088,peeling,2
3 089,pelting,2
3 090,percys,2
3 091,perenelle,2
3 092,performed,2
3 093,persuade,2
3 094,photos,2
3 095,picking,2
3 096,picture,2
3 097,piles,2
3 098,pin,2
3 099,plainly,2
3 100,poisonous,2
3 101,poker,2
3 102,polite,2
3 103,polkiss,2
3 104,poltergeist,2
3 105,popped,2
3 106,porridge,2
3 107,portraits,2
3 108,postage,2
3 109,pound,2
3 110,pounding,2
3 111,pppotter,2
3 112,precious,2
3 113,prepared,2
3 114,president,2
3 115,prickled,2
3 116,prince,2
3 117,private,2
3 118,privately,2
3 119,prodded,2
3 120,promise,2
3 121,proof,2
3 122,protected,2
3 123,protection,2
3 124,pub,2
3 125,pudding,2
3 126,punching,2
3 127,punishment,2
3 128,pupils,2
3 129,push,2
3 130,puts,2
3 131,pyjamas,2
3 132,quivered,2
3 133,rabbit,2
3 134,racket,2
3 135,raise,2
3 136,rapped,2
3 137,rations,2
3 138,ravenclaws,2
3 139,ray,2
3 140,reasons,2
3 141,redder,2
3 142,redhaired,2
3 143,redheaded,2
3 144,reflections,2
3 145,register,2
3 146,remembering,2
3 147,remotecontrol,2
3 148,reserve,2
3 149,resign,2
3 150,reveal,2
3 151,revising,2
3 152,revolting,2
3 153,rich,2
3 154,ridiculous,2
3 155,rip,2
3 156,ripping,2
3 157,rolling,2
3 158,rolls,2
3 159,root,2
3 160,rooted,2
3 161,roots,2
3 162,roundfaced,2
3 163,rummaging,2
3 164,rush,2
3 165,sacked,2
3 166,safest,2
3 167,sagged,2
3 168,sailed,2
3 169,sandyhaired,2
3 170,scaredlooking,2
3 171,scars,2
3 172,scattering,2
3 173,schools,2
3 174,scored,2
3 175,scowling,2
3 176,scrambling,2
3 177,scrawny,2
3 178,screams,2
3 179,screeched,2
3 180,screwed,2
3 181,scuttled,2
3 182,seamuss,2
3 183,searched,2
3 184,secrets,2
3 185,seek,2
3 186,selfstirring,2
3 187,selling,2
3 188,sellotaped,2
3 189,sending,2
3 190,senses,2
3 191,series,2
3 192,seriously,2
3 193,serpent,2
3 194,servant,2
3 195,session,2
3 196,seventh,2
3 197,seventytwo,2
3 198,shabby,2
3 199,shack,2
3 200,shadowy,2
3 201,shaggy,2
3 202,shakily,2
3 203,shant,2
3 204,shared,2
3 205,sharing,2
3 206,shhhh,2
3 207,shining,2
3 208,shoes,2
3 209,shoot,2
3 210,shopping,2
3 211,shouldnta,2
3 212,shown,2
3 213,shriek,2
3 214,shrieks,2
3 215,shrivelled,2
3 216,shutting,2
3 217,sickening,2
3 218,sickle,2
3 219,sidled,2
3 220,signed,2
3 221,sink,2
3 222,sinking,2
3 223,skimming,2
3 224,skinny,2
3 225,slamming,2
3 226,sleek,2
3 227,sleeves,2
3 228,slight,2
3 229,slip,2
3 230,slowed,2
3 231,slug,2
3 232,smash,2
3 233,smoothly,2
3 234,snakelike,2
3 235,snap,2
3 236,sneered,2
3 237,sniff,2
3 238,sniggered,2
3 239,snorted,2
3 240,snuffbox,2
3 241,soared,2
3 242,soaring,2
3 243,someones,2
3 244,sore,2
3 245,sorta,2
3 246,spat,2
3 247,spectacles,2
3 248,spectacular,2
3 249,speech,2
3 250,speechless,2
3 251,spend,2
3 252,spiders,2
3 253,spirits,2
3 254,splendid,2
3 255,spluttered,2
3 256,spoil,2
3 257,sports,2
3 258,spposed,2
3 259,spray,2
3 260,sprinting,2
3 261,sprouts,2
3 262,square,2
3 263,squeak,2
3 264,squeal,2
3 265,stack,2
3 266,stacked,2
3 267,staircases,2
3 268,stalagmites,2
3 269,standard,2
3 270,startled,2
3 271,state,2
3 272,statues,2
3 273,steady,2
3 274,steak,2
3 275,steering,2
3 276,sticky,2
3 277,stiff,2
3 278,stoat,2
3 279,stools,2
3 280,straightened,2
3 281,straining,2
3 282,strangers,2
3 283,stream,2
3 284,streamed,2
3 285,streaming,2
3 286,streets,2
3 287,striding,2
3 288,student,2
3 289,stuffing,2
3 290,stupidly,2
3 291,stutter,2
3 292,subjects,2
3 293,substance,2
3 294,suffering,2
3 295,sugar,2
3 296,sunny,2
3 297,sunshine,2
3 298,surprises,2
3 299,surrounding,2
3 300,susan,2
3 301,swapped,2
3 302,swayed,2
3 303,sweat,2
3 304,swelled,2
3 305,swept,2
3 306,swimming,2
3 307,sworn,2
3 308,tangled,2
3 309,tart,2
3 310,taste,2
3 311,tasted,2
3 312,tawny,2
3 313,teddy,2
3 314,telescope,2
3 315,telescopes,2
3 316,terror,2
3 317,terry,2
3 318,therefore,2
3 319,thomas,2
3 320,thoughtfully,2
3 321,thrashing,2
3 322,thud,2
3 323,thursday,2
3 324,tidy,2
3 325,tightened,2
3 326,til,2
3 327,timetables,2
3 328,timidly,2
3 329,tipped,2
3 330,tiptoe,2
3 331,toads,2
3 332,tongue,2
3 333,torches,2
3 334,touches,2
3 335,touching,2
3 336,towers,2
3 337,toys,2
3 338,trailing,2
3 339,trains,2
3 340,transfixed,2
3 341,trapped,2
3 342,treasure,2
3 343,tremblin,2
3 344,trifle,2
3 345,tripped,2
3 346,trodden,2
3 347,trusted,2
3 348,ttto,2
3 349,tub,2
3 350,tune,2
3 351,twentieth,2
3 352,twigs,2
3 353,twinkling,2
3 354,twisting,2
3 355,tyke,2
3 356,unable,2
3 357,unblinkingly,2
3 358,uncertainly,2
3 359,understood,2
3 360,uneasy,2
3 361,unfolding,2
3 362,unknown,2
3 363,unlocked,2
3 364,untidy,2
3 365,unusually,2
3 366,unwrapping,2
3 367,upon,2
3 368,upright,2
3 369,urged,2
3 370,urgently,2
3 371,valuable,2
3 372,vanish,2
3 373,victory,2
3 374,video,2
3 375,vigorously,2
3 376,visible,2
3 377,visitor,2
3 378,walnut,2
3 379,wandered,2
3 380,warty,2
3 381,wash,2
3 382,wasn,2
3 383,waste,2
3 384,wastepaper,2
3 385,weird,2
3 386,weirdos,2
3 387,wellorganised,2
3 388,werewolves,2
3 389,west,2
3 390,wham,2
3 391,wheeled,2
3 392,wheeling,2
3 393,whenever,2
3 394,wherere,2
3 395,whirl,2
3 396,whirled,2
3 397,whiskers,2
3 398,whispers,2
3 399,whistling,2
3 400,whove,2
3 401,wider,2
3 402,wig,2
3 403,winding,2
3 404,windowsill,2
3 405,wolfsbane,2
3 406,wormwood,2
3 407,wow,2
3 408,wriggled,2
3 409,wrinkled,2
3 410,write,2
3 411,yawned,2
3 412,yelling,2
3 413,yerself,2
3 414,yew,2
3 415,yorkshire,2
3 416,youknowwhat,2
3 417,absolutely,2
3 418,accept,2
3 419,accidentally,2
3 420,zigzagging,2
3 421,zombie,2
3 422,accidents,2
3 423,zooming,2
3 424,numbly,1
3 425,nursed,1
3 426,nuts,1
3 427,hogs,1
3 428,oaf,1
3 429,hoggy,1
3 430,object,1
3 431,objects,1
3 432,observed,1
3 433,hocuspocus,1
3 434,hocus,1
3 435,limp,1
3 436,occurred,1
3 437,hobby,1
3 438,hobbled,1
3 439,oddball,1
3 440,likes,1
3 441,oddment,1
3 442,hmmm,1
3 443,hmm,1
3 444,likely,1
3 445,hitch,1
3 446,offhand,1
3 447,hired,1
3 448,hint,1
3 449,hinges,1
3 450,oiled,1
3 451,hinge,1
3 452,hind,1
3 453,hills,1
3 454,highheeled,1
3 455,oldfashioned,1
3 456,hides,1
3 457,olivers,1
3 458,hi,1
3 459,hermionell,1
3 460,omen,1
3 461,hengist,1
3 462,hem,1
3 463,helplessly,1
3 464,helmeted,1
3 465,hello,1
3 466,managing,1
3 467,ooh,1
3 468,oooooh,1
3 469,oooooooh,1
3 470,helicopters,1
3 471,heels,1
3 472,opening,1
3 473,openmouthed,1
3 474,operalover,1
3 475,heed,1
3 476,hedges,1
3 477,hebridean,1
3 478,heaving,1
3 479,heave,1
3 480,heartstrings,1
3 481,mancrushing,1
3 482,heartstring,1
3 483,ornate,1
3 484,hearing,1
3 485,heaps,1
3 486,otherwise,1
3 487,health,1
3 488,headlight,1
3 489,oughta,1
3 490,mandy,1
3 491,heading,1
3 492,headfirst,1
3 493,havin,1
3 494,hatred,1
3 495,outlawed,1
3 496,outlines,1
3 497,loomed,1
3 498,outrage,1
3 499,hating,1
3 500,outskirts,1
3 501,mangled,1
3 502,outstretched,1
3 503,hatches,1
3 504,hatched,1
3 505,harvey,1
3 506,overgrown,1
3 507,harryhunting,1
3 508,overheard,1
3 509,overhearing,1
3 510,overshadowed,1
3 511,maniacs,1
3 512,overtaking,1
3 513,overtook,1
3 514,owe,1
3 515,harp,1
3 516,harold,1
3 517,owlfree,1
3 518,harness,1
3 519,hardfaced,1
3 520,happiness,1
3 521,owner,1
3 522,manner,1
3 523,happiest,1
3 524,lighting,1
3 525,mantelpiece,1
3 526,lightest,1
3 527,lifting,1
3 528,pacing,1
3 529,hangglider,1
3 530,handknitted,1
3 531,hams,1
3 532,hammered,1
3 533,packet,1
3 534,maple,1
3 535,maps,1
3 536,paddington,1
3 537,lied,1
3 538,pages,1
3 539,hammer,1
3 540,hallows,1
3 541,halfterrified,1
3 542,marbles,1
3 543,pains,1
3 544,paint,1
3 545,painted,1
3 546,painting,1
3 547,halfhidden,1
3 548,halfheartedly,1
3 549,paisley,1
3 550,palace,1
3 551,halffurious,1
3 552,paler,1
3 553,palms,1
3 554,palomino,1
3 555,pan,1
3 556,panels,1
3 557,halfexasperated,1
3 558,panicked,1
3 559,panicking,1
3 560,pansy,1
3 561,halfblood,1
3 562,panting,1
3 563,halfblinded,1
3 564,march,1
3 565,paracelsus,1
3 566,paraded,1
3 567,halfadmiring,1
3 568,hairnet,1
3 569,haircuts,1
3 570,lids,1
3 571,parked,1
3 572,parking,1
3 573,lid,1
3 574,parks,1
3 575,parrot,1
3 576,hags,1
3 577,librarian,1
3 578,hag,1
3 579,lookout,1
3 580,haaaaaa,1
3 581,parts,1
3 582,party,1
3 583,haaa,1
3 584,gun,1
3 585,gummy,1
3 586,passages,1
3 587,gum,1
3 588,liar,1
3 589,gulpin,1
3 590,marked,1
3 591,letterwriter,1
3 592,guessing,1
3 593,letterbombs,1
3 594,passwords,1
3 595,guards,1
3 596,guarded,1
3 597,grunting,1
3 598,lessened,1
3 599,patched,1
3 600,patchwork,1
3 601,grunt,1
3 602,patient,1
3 603,grunnion,1
3 604,patrolled,1
3 605,lend,1
3 606,pattern,1
3 607,grumbled,1
3 608,grudgingly,1
3 609,lovely,1
3 610,pavement,1
3 611,paving,1
3 612,legendary,1
3 613,pawn,1
3 614,marshmallows,1
3 615,grubbylooking,1
3 616,payin,1
3 617,paying,1
3 618,peabrain,1
3 619,loves,1
3 620,peaceful,1
3 621,pearly,1
3 622,pearlywhite,1
3 623,growyourownwarts,1
3 624,pebbles,1
3 625,pecked,1
3 626,grownup,1
3 627,legend,1
3 628,growling,1
3 629,growing,1
3 630,groped,1
3 631,peevess,1
3 632,peevsie,1
3 633,pellets,1
3 634,pelt,1
3 635,pelted,1
3 636,mastered,1
3 637,pelts,1
3 638,groan,1
3 639,pence,1
3 640,gritted,1
3 641,grips,1
3 642,pep,1
3 643,pepper,1
3 644,peppermint,1
3 645,per,1
3 646,grinding,1
3 647,grim,1
3 648,percyd,1
3 649,masters,1
3 650,leering,1
3 651,griffin,1
3 652,grief,1
3 653,perform,1
3 654,longingly,1
3 655,greyish,1
3 656,perks,1
3 657,greyfaced,1
3 658,personal,1
3 659,personally,1
3 660,longing,1
3 661,petrificus,1
3 662,gregory,1
3 663,greeting,1
3 664,greeted,1
3 665,pheasants,1
3 666,phials,1
3 667,greenhouses,1
3 668,greenhouse,1
3 669,phoenixes,1
3 670,phone,1
3 671,phoning,1
3 672,greener,1
3 673,maths,1
3 674,phyllida,1
3 675,greek,1
3 676,gred,1
3 677,matron,1
3 678,pickled,1
3 679,pickmeup,1
3 680,ledgers,1
3 681,pictures,1
3 682,greatness,1
3 683,greatauntie,1
3 684,greasily,1
3 685,pier,1
3 686,pierced,1
3 687,grassy,1
3 688,grasping,1
3 689,pies,1
3 690,grasped,1
3 691,pigs,1
3 692,pigtails,1
3 693,grasp,1
3 694,grappling,1
3 695,mattress,1
3 696,granite,1
3 697,mauve,1
3 698,grandfathers,1
3 699,pinched,1
3 700,pineapple,1
3 701,grand,1
3 702,pinkfaced,1
3 703,gradually,1
3 704,pinning,1
3 705,pinpricks,1
3 706,grade,1
3 707,piped,1
3 708,gown,1
3 709,pity,1
3 710,gossiped,1
3 711,placed,1
3 712,goshawk,1
3 713,gorilla,1
3 714,lecturin,1
3 715,gorgons,1
3 716,gordon,1
3 717,planned,1
3 718,goose,1
3 719,plants,1
3 720,goodun,1
3 721,goods,1
3 722,goodll,1
3 723,goodfornothing,1
3 724,goldenbrown,1
3 725,platters,1
3 726,goggle,1
3 727,godrics,1
3 728,goblets,1
3 729,goat,1
3 730,playfully,1
3 731,playin,1
3 732,goal,1
3 733,plays,1
3 734,pleaded,1
3 735,gnight,1
3 736,glumly,1
3 737,pleasure,1
3 738,plenty,1
3 739,pliable,1
3 740,plotting,1
3 741,ploughed,1
3 742,glue,1
3 743,loss,1
3 744,glove,1
3 745,pocketed,1
3 746,gloomylooking,1
3 747,pocus,1
3 748,gloomily,1
3 749,globes,1
3 750,gloatingly,1
3 751,glittery,1
3 752,pointy,1
3 753,glistening,1
3 754,lecture,1
3 755,poisons,1
3 756,poke,1
3 757,glimpse,1
3 758,maze,1
3 759,glimmered,1
3 760,poles,1
3 761,leathercovered,1
3 762,politely,1
3 763,politer,1
3 764,leaping,1
3 765,mcguffin,1
3 766,gleefully,1
3 767,pomfreys,1
3 768,pompously,1
3 769,gleamed,1
3 770,poorer,1
3 771,gingerly,1
3 772,popkin,1
3 773,mckinnons,1
3 774,popular,1
3 775,porcupine,1
3 776,pork,1
3 777,lean,1
3 778,giggled,1
3 779,meal,1
3 780,positions,1
3 781,positive,1
3 782,positively,1
3 783,gibber,1
3 784,ghoulie,1
3 785,ghostie,1
3 786,ggot,1
3 787,meals,1
3 788,ggetting,1
3 789,poster,1
3 790,postman,1
3 791,potato,1
3 792,getups,1
3 793,geroff,1
3 794,potionmaking,1
3 795,georges,1
3 796,gentlemans,1
3 797,gentle,1
3 798,pouch,1
3 799,pounced,1
3 800,leaking,1
3 801,meanin,1
3 802,poured,1
3 803,pouring,1
3 804,gazed,1
3 805,powders,1
3 806,gaze,1
3 807,gawping,1
3 808,gawped,1
3 809,ppick,1
3 810,pplaces,1
3 811,ppleased,1
3 812,pppetunia,1
3 813,pppoor,1
3 814,leaked,1
3 815,pprofessor,1
3 816,practical,1
3 817,gaunt,1
3 818,gate,1
3 819,gargoyles,1
3 820,praying,1
3 821,league,1
3 822,precisely,1
3 823,gardens,1
3 824,gar,1
3 825,prefer,1
3 826,meantime,1
3 827,gaps,1
3 828,presenting,1
3 829,gaped,1
3 830,leader,1
3 831,press,1
3 832,gangling,1
3 833,pressure,1
3 834,gamekeeping,1
3 835,gamekeepers,1
3 836,gambled,1
3 837,galoshes,1
3 838,prevent,1
3 839,prewetts,1
3 840,price,1
3 841,prickle,1
3 842,lazily,1
3 843,longestever,1
3 844,prisoner,1
3 845,lowhanging,1
3 846,meddle,1
3 847,gallopin,1
3 848,galloped,1
3 849,galleon,1
3 850,gales,1
3 851,meddlin,1
3 852,prodding,1
3 853,produced,1
3 854,produces,1
3 855,prof,1
3 856,gains,1
3 857,profit,1
3 858,programme,1
3 859,programmes,1
3 860,meddling,1
3 861,gain,1
3 862,promisin,1
3 863,promptly,1
3 864,laws,1
3 865,g,1
3 866,fussingabout,1
3 867,furore,1
3 868,propped,1
3 869,furniture,1
3 870,lawns,1
3 871,protecting,1
3 872,mellow,1
3 873,protective,1
3 874,furling,1
3 875,proudest,1
3 876,funnyshaped,1
3 877,prove,1
3 878,proving,1
3 879,provoked,1
3 880,prowling,1
3 881,prune,1
3 882,ptolemy,1
3 883,melt,1
3 884,public,1
3 885,pubs,1
3 886,funnylooking,1
3 887,puddin,1
3 888,loyal,1
3 889,funeral,1
3 890,puffed,1
3 891,fuming,1
3 892,fumes,1
3 893,fumbling,1
3 894,fully,1
3 895,fullgrown,1
3 896,pumpkins,1
3 897,punch,1
3 898,punchbag,1
3 899,punched,1
3 900,member,1
3 901,puncture,1
3 902,punctures,1
3 903,fuller,1
3 904,punishing,1
3 905,memorise,1
3 906,punishments,1
3 907,loyalties,1
3 908,puppet,1
3 909,fruit,1
3 910,froze,1
3 911,purplefaced,1
3 912,frowned,1
3 913,pursed,1
3 914,lawn,1
3 915,frown,1
3 916,frost,1
3 917,frogspawn,1
3 918,frogmarched,1
3 919,mended,1
3 920,frightenin,1
3 921,puzzle,1
3 922,puzzlement,1
3 923,law,1
3 924,pythons,1
3 925,frighten,1
3 926,quailed,1
3 927,quarter,1
3 928,quaver,1
3 929,queasy,1
3 930,fright,1
3 931,quentin,1
3 932,friendship,1
3 933,fried,1
3 934,queuing,1
3 935,fret,1
3 936,freeze,1
3 937,freedom,1
3 938,quickwitted,1
3 939,freed,1
3 940,freak,1
3 941,frayed,1
3 942,frantic,1
3 943,fourposters,1
3 944,quilt,1
3 945,fourposter,1
3 946,fourlegged,1
3 947,fouls,1
3 948,quits,1
3 949,fouled,1
3 950,lavatory,1
3 951,fortytwo,1
3 952,quiz,1
3 953,mentionin,1
3 954,rabbitfur,1
3 955,rabbitin,1
3 956,forty,1
3 957,lateafternoon,1
3 958,radish,1
3 959,fortunetelling,1
3 960,raged,1
3 961,ragged,1
3 962,rags,1
3 963,railview,1
3 964,railway,1
3 965,fortunately,1
3 966,rainbow,1
3 967,mere,1
3 968,forgot,1
3 969,forgetting,1
3 970,rammed,1
3 971,forgettin,1
3 972,random,1
3 973,forgets,1
3 974,ranting,1
3 975,rapidly,1
3 976,merely,1
3 977,rapping,1
3 978,forgetmenot,1
3 979,rarely,1
3 980,raspberry,1
3 981,rasping,1
3 982,forgetfulness,1
3 983,forge,1
3 984,meringue,1
3 985,foretold,1
3 986,rattle,1
3 987,foreheads,1
3 988,forecast,1
3 989,forcing,1
3 990,longed,1
3 991,ravine,1
3 992,raw,1
3 993,largest,1
3 994,forces,1
3 995,footfalls,1
3 996,foodll,1
3 997,fondly,1
3 998,reader,1
3 999,readin,1
4 000,folks,1
4 001,folds,1
4 002,foghorn,1
4 003,flyingkey,1
4 004,flyin,1
4 005,flump,1
4 006,fluid,1
4 007,rear,1
4 008,rearadmirals,1
4 009,reared,1
4 010,fluffys,1
4 011,reasonably,1
4 012,longbottoms,1
4 013,rebellions,1
4 014,receive,1
4 015,fluff,1
4 016,receiver,1
4 017,flowing,1
4 018,recited,1
4 019,reciting,1
4 020,flowered,1
4 021,flow,1
4 022,flourish,1
4 023,flop,1
4 024,flooding,1
4 025,recorded,1
4 026,recorder,1
4 027,flocks,1
4 028,larger,1
4 029,reddish,1
4 030,laps,1
4 031,message,1
4 032,reeled,1
4 033,ref,1
4 034,flocking,1
4 035,refereed,1
4 036,flock,1
4 037,referees,1
4 038,flitwicks,1
4 039,flitting,1
4 040,messin,1
4 041,flinging,1
4 042,refused,1
4 043,refusing,1
4 044,luggage,1
4 045,rejoice,1
4 046,related,1
4 047,relation,1
4 048,relatives,1
4 049,fling,1
4 050,relaxed,1
4 051,flinched,1
4 052,flimsy,1
4 053,reliving,1
4 054,remains,1
4 055,remarkably,1
4 056,flies,1
4 057,flicking,1
4 058,lanterns,1
4 059,flexible,1
4 060,flattering,1
4 061,remind,1
4 062,flatter,1
4 063,reminding,1
4 064,flashy,1
4 065,remorse,1
4 066,languages,1
4 067,removed,1
4 068,repair,1
4 069,repaired,1
4 070,flashing,1
4 071,replaced,1
4 072,replacing,1
4 073,replied,1
4 074,reply,1
4 075,flap,1
4 076,reported,1
4 077,reports,1
4 078,flanks,1
4 079,require,1
4 080,rescued,1
4 081,meters,1
4 082,resident,1
4 083,lanes,1
4 084,resist,1
4 085,resolution,1
4 086,respect,1
4 087,responsible,1
4 088,flanked,1
4 089,restaurant,1
4 090,rested,1
4 091,resting,1
4 092,restless,1
4 093,flame,1
4 094,result,1
4 095,flailing,1
4 096,retracing,1
4 097,flailed,1
4 098,flagged,1
4 099,lamps,1
4 100,revenge,1
4 101,revenges,1
4 102,middecember,1
4 103,fixing,1
4 104,lamb,1
4 105,reward,1
4 106,ribbon,1
4 107,fixedly,1
4 108,rice,1
4 109,midjump,1
4 110,rickety,1
4 111,fix,1
4 112,ride,1
4 113,riders,1
4 114,fishy,1
4 115,ridgebacks,1
4 116,ladys,1
4 117,riding,1
4 118,riffraff,1
4 119,rifle,1
4 120,rigged,1
4 121,firsthand,1
4 122,righthand,1
4 123,righthanded,1
4 124,rigid,1
4 125,ring,1
4 126,ringing,1
4 127,midst,1
4 128,firstever,1
4 129,miffed,1
4 130,rippled,1
4 131,firs,1
4 132,fireworks,1
4 133,firework,1
4 134,risks,1
4 135,risky,1
4 136,rivers,1
4 137,firenzes,1
4 138,roaming,1
4 139,firelight,1
4 140,firecrackers,1
4 141,firecracker,1
4 142,roars,1
4 143,fir,1
4 144,finishing,1
4 145,fingertips,1
4 146,finest,1
4 147,finchfletchley,1
4 148,rocker,1
4 149,rocket,1
4 150,rocketed,1
4 151,rocks,1
4 152,filthy,1
4 153,filling,1
4 154,lace,1
4 155,knuckle,1
4 156,fill,1
4 157,fiftytwo,1
4 158,fiftypence,1
4 159,fiftyfoot,1
4 160,ronnie,1
4 161,ronniekins,1
4 162,fiftyeight,1
4 163,fidgeted,1
4 164,fiddling,1
4 165,feverishly,1
4 166,mightn,1
4 167,mightve,1
4 168,rooting,1
4 169,knowledge,1
4 170,rope,1
4 171,fetchin,1
4 172,fetch,1
4 173,rot,1
4 174,rotted,1
4 175,festoons,1
4 176,ferociously,1
4 177,roundabout,1
4 178,fences,1
4 179,rounders,1
4 180,milk,1
4 181,route,1
4 182,feels,1
4 183,rowing,1
4 184,rowling,1
4 185,favours,1
4 186,rub,1
4 187,rubbed,1
4 188,rubber,1
4 189,favour,1
4 190,fattenin,1
4 191,fatherd,1
4 192,rubies,1
4 193,rucksack,1
4 194,fateful,1
4 195,fastenings,1
4 196,ruefully,1
4 197,fastened,1
4 198,fasten,1
4 199,ruffledlooking,1
4 200,rugs,1
4 201,fascinated,1
4 202,ruins,1
4 203,fangll,1
4 204,rulebreaking,1
4 205,fancy,1
4 206,rumbled,1
4 207,fanatic,1
4 208,rummaged,1
4 209,milkman,1
4 210,rumour,1
4 211,fan,1
4 212,familiar,1
4 213,runnin,1
4 214,faltered,1
4 215,millicent,1
4 216,faithfully,1
4 217,faithful,1
4 218,s,1
4 219,mimblewimble,1
4 220,sacrifices,1
4 221,fade,1
4 222,fabulous,1
4 223,sadness,1
4 224,eyeglasses,1
4 225,explosion,1
4 226,mimsy,1
4 227,safety,1
4 228,mimsyporpington,1
4 229,sahara,1
4 230,exploding,1
4 231,knowitall,1
4 232,saintly,1
4 233,saints,1
4 234,saliva,1
4 235,sallow,1
4 236,sallyanne,1
4 237,explode,1
4 238,sandwich,1
4 239,experts,1
4 240,sandy,1
4 241,minded,1
4 242,experience,1
4 243,sapphires,1
4 244,sardine,1
4 245,expects,1
4 246,exits,1
4 247,sauce,1
4 248,existence,1
4 249,existed,1
4 250,savage,1
4 251,savaging,1
4 252,exhausted,1
4 253,excuses,1
4 254,saving,1
4 255,exchanged,1
4 256,exchange,1
4 257,exasperation,1
4 258,examining,1
4 259,exact,1
4 260,sc,1
4 261,everyoned,1
4 262,scabberss,1
4 263,scabby,1
4 264,evermore,1
4 265,scamander,1
4 266,scandal,1
4 267,evenings,1
4 268,eve,1
4 269,knot,1
4 270,erm,1
4 271,knitting,1
4 272,minerva,1
4 273,scene,1
4 274,scented,1
4 275,enviously,1
4 276,mines,1
4 277,science,1
4 278,scissors,1
4 279,scoop,1
4 280,scooping,1
4 281,scooted,1
4 282,entranced,1
4 283,mingled,1
4 284,scoring,1
4 285,scowl,1
4 286,minister,1
4 287,scrabbling,1
4 288,ensnaring,1
4 289,knights,1
4 290,scraped,1
4 291,enraged,1
4 292,scratch,1
4 293,enjoyed,1
4 294,scratchy,1
4 295,scrawl,1
4 296,scrawled,1
4 297,lullaby,1
4 298,enjoy,1
4 299,enid,1
4 300,engulfed,1
4 301,minuscule,1
4 302,engraved,1
4 303,knickerbocker,1
4 304,kit,1
4 305,enemy,1
4 306,scribbling,1
4 307,scroll,1
4 308,scruff,1
4 309,scruffs,1
4 310,scudding,1
4 311,scuffles,1
4 312,scurried,1
4 313,scurrying,1
4 314,scuse,1
4 315,miranda,1
4 316,endless,1
4 317,seal,1
4 318,ending,1
4 319,kissing,1
4 320,ended,1
4 321,mirrors,1
4 322,searching,1
4 323,seared,1
4 324,season,1
4 325,encouraging,1
4 326,seating,1
4 327,enclosed,1
4 328,seaweed,1
4 329,sec,1
4 330,enclose,1
4 331,secondary,1
4 332,emptier,1
4 333,emerged,1
4 334,secretary,1
4 335,secretly,1
4 336,lumbered,1
4 337,embers,1
4 338,embedded,1
4 339,elfric,1
4 340,kip,1
4 341,eleventh,1
4 342,elephant,1
4 343,element,1
4 344,elastic,1
4 345,seeming,1
4 346,ehru,1
4 347,effect,1
4 348,seeping,1
4 349,sees,1
4 350,eerie,1
4 351,eels,1
4 352,seizing,1
4 353,selfish,1
4 354,selfprotection,1
4 355,loose,1
4 356,sell,1
4 357,kinds,1
4 358,sellotape,1
4 359,kindling,1
4 360,edging,1
4 361,misses,1
4 362,edges,1
4 363,kinda,1
4 364,sensible,1
4 365,echoes,1
4 366,separated,1
4 367,separately,1
4 368,separating,1
4 369,ebony,1
4 370,mist,1
4 371,easter,1
4 372,kills,1
4 373,mistaken,1
4 374,mistakes,1
4 375,served,1
4 376,service,1
4 377,killers,1
4 378,easiest,1
4 379,sets,1
4 380,earwax,1
4 381,settled,1
4 382,settling,1
4 383,earths,1
4 384,earsplitting,1
4 385,misters,1
4 386,seventy,1
4 387,mistletoe,1
4 388,earned,1
4 389,severelooking,1
4 390,earmuffs,1
4 391,kids,1
4 392,kicking,1
4 393,shade,1
4 394,dyeing,1
4 395,dwarf,1
4 396,mixer,1
4 397,lonely,1
4 398,duties,1
4 399,duster,1
4 400,keepers,1
4 401,dustcoloured,1
4 402,dust,1
4 403,shallows,1
4 404,dusk,1
4 405,mm,1
4 406,dunderheads,1
4 407,dunderhead,1
4 408,shapes,1
4 409,dundee,1
4 410,mmm,1
4 411,mmyself,1
4 412,dumpy,1
4 413,sharper,1
4 414,dumped,1
4 415,shaves,1
4 416,dump,1
4 417,sheared,1
4 418,dumbledorell,1
4 419,sheep,1
4 420,sheer,1
4 421,sheet,1
4 422,dumbled,1
4 423,dumbfounded,1
4 424,dully,1
4 425,shelling,1
4 426,duffers,1
4 427,duels,1
4 428,sherry,1
4 429,due,1
4 430,shhh,1
4 431,moan,1
4 432,shields,1
4 433,shifty,1
4 434,shimmering,1
4 435,shinin,1
4 436,katie,1
4 437,dudleykins,1
4 438,duddys,1
4 439,shivering,1
4 440,duddydums,1
4 441,dud,1
4 442,lolly,1
4 443,ducks,1
4 444,shoo,1
4 445,drumming,1
4 446,moans,1
4 447,drummed,1
4 448,druidess,1
4 449,model,1
4 450,drops,1
4 451,shore,1
4 452,droop,1
4 453,shorter,1
4 454,drooling,1
4 455,shortsighted,1
4 456,drooled,1
4 457,droobles,1
4 458,shoulda,1
4 459,droned,1
4 460,drone,1
4 461,shouldn,1
4 462,driveway,1
4 463,justin,1
4 464,shouldve,1
4 465,driver,1
4 466,dripping,1
4 467,shoutin,1
4 468,drip,1
4 469,shouts,1
4 470,shove,1
4 471,shoved,1
4 472,shovelling,1
4 473,drifting,1
4 474,drift,1
4 475,showers,1
4 476,dribbling,1
4 477,locomotor,1
4 478,dress,1
4 479,drenched,1
4 480,shredded,1
4 481,jupiter,1
4 482,dreamily,1
4 483,shrieking,1
4 484,jumpy,1
4 485,shrill,1
4 486,shrilly,1
4 487,shrink,1
4 488,shrinking,1
4 489,jumpers,1
4 490,shrunk,1
4 491,dreadlocks,1
4 492,drawl,1
4 493,drawback,1
4 494,draw,1
4 495,juicy,1
4 496,draughty,1
4 497,moneys,1
4 498,monk,1
4 499,draught,1
4 500,dratted,1
4 501,dramatically,1
4 502,drain,1
4 503,loopy,1
4 504,dragging,1
4 505,drafts,1
4 506,draconis,1
4 507,sightings,1
4 508,downpour,1
4 509,signature,1
4 510,monster,1
4 511,signs,1
4 512,downfall,1
4 513,doughnuts,1
4 514,doughnut,1
4 515,doubted,1
4 516,silkily,1
4 517,doubled,1
4 518,dormice,1
4 519,doorways,1
4 520,similar,1
4 521,simmering,1
4 522,doorpost,1
4 523,doorbell,1
4 524,sin,1
4 525,doom,1
4 526,sincerely,1
4 527,donkeys,1
4 528,dolphins,1
4 529,doin,1
4 530,singled,1
4 531,singlehanded,1
4 532,singsong,1
4 533,sinister,1
4 534,lunged,1
4 535,judging,1
4 536,sinks,1
4 537,sipped,1
4 538,dodges,1
4 539,sirius,1
4 540,dodge,1
4 541,divide,1
4 542,dives,1
4 543,diversion,1
4 544,divebombing,1
4 545,sixth,1
4 546,dittany,1
4 547,sixtyfifth,1
4 548,sixtyfive,1
4 549,disused,1
4 550,sizes,1
4 551,sizing,1
4 552,sizzling,1
4 553,skidding,1
4 554,skies,1
4 555,monthold,1
4 556,distracted,1
4 557,skinnier,1
4 558,judge,1
4 559,skip,1
4 560,skipped,1
4 561,skipping,1
4 562,skulking,1
4 563,distinctly,1
4 564,displeased,1
4 565,slain,1
4 566,slam,1
4 567,disliked,1
4 568,jot,1
4 569,slapping,1
4 570,slay,1
4 571,jordans,1
4 572,dislike,1
4 573,dishes,1
4 574,sleepiness,1
4 575,dish,1
4 576,sleepless,1
4 577,sleeps,1
4 578,discussion,1
4 579,discussing,1
4 580,jokes,1
4 581,slender,1
4 582,discuss,1
4 583,slice,1
4 584,discovered,1
4 585,discover,1
4 586,lurch,1
4 587,slightest,1
4 588,disapprovingly,1
4 589,slimy,1
4 590,slinking,1
4 591,morag,1
4 592,disapproving,1
4 593,slippers,1
4 594,slippery,1
4 595,disappointment,1
4 596,disappointed,1
4 597,slits,1
4 598,slope,1
4 599,disappearing,1
4 600,sloping,1
4 601,slotted,1
4 602,slouched,1
4 603,disappear,1
4 604,joining,1
4 605,slowing,1
4 606,disagree,1
4 607,lurched,1
4 608,slugs,1
4 609,dirt,1
4 610,slyly,1
4 611,directly,1
4 612,directing,1
4 613,directed,1
4 614,dinky,1
4 615,diningroom,1
4 616,smarmy,1
4 617,smarten,1
4 618,smarter,1
4 619,smartly,1
4 620,local,1
4 621,smashed,1
4 622,smatter,1
4 623,din,1
4 624,dimpled,1
4 625,smelly,1
4 626,differentsized,1
4 627,differently,1
4 628,differentcoloured,1
4 629,dialling,1
4 630,dial,1
4 631,smirking,1
4 632,diagonally,1
4 633,smoked,1
4 634,smoking,1
4 635,di,1
4 636,smoother,1
4 637,jobs,1
4 638,smothering,1
4 639,smudged,1
4 640,smuggle,1
4 641,sn,1
4 642,devon,1
4 643,mortis,1
4 644,snakes,1
4 645,mossy,1
4 646,detest,1
4 647,destiny,1
4 648,destined,1
4 649,desktop,1
4 650,deserves,1
4 651,snatch,1
4 652,deserved,1
4 653,snatching,1
4 654,sneak,1
4 655,sneaked,1
4 656,deserted,1
4 657,desert,1
4 658,jk,1
4 659,sneering,1
4 660,sneeze,1
4 661,sneezed,1
4 662,mostly,1
4 663,describing,1
4 664,sniffily,1
4 665,sniffing,1
4 666,sniffling,1
4 667,sniffy,1
4 668,snigger,1
4 669,motheaten,1
4 670,deputy,1
4 671,snivelled,1
4 672,snoozed,1
4 673,snoozing,1
4 674,snored,1
4 675,snores,1
4 676,snoring,1
4 677,jinxing,1
4 678,snot,1
4 679,depressing,1
4 680,depressed,1
4 681,snowball,1
4 682,snowballs,1
4 683,depended,1
4 684,snowywhite,1
4 685,jinx,1
4 686,snuffling,1
4 687,denying,1
4 688,motion,1
4 689,motionless,1
4 690,sob,1
4 691,dentists,1
4 692,dennis,1
4 693,sobs,1
4 694,demands,1
4 695,demand,1
4 696,deliverin,1
4 697,softest,1
4 698,delivered,1
4 699,delights,1
4 700,delicately,1
4 701,solutions,1
4 702,delicate,1
4 703,defrosting,1
4 704,somebodys,1
4 705,somefink,1
4 706,defend,1
4 707,defenceless,1
4 708,jigger,1
4 709,somersault,1
4 710,defeated,1
4 711,deepred,1
4 712,deeppurple,1
4 713,deepest,1
4 714,declared,1
4 715,decked,1
4 716,decent,1
4 717,sons,1
4 718,debt,1
4 719,deaths,1
4 720,soothe,1
4 721,sorc,1
4 722,sorcerer,1
4 723,loathed,1
4 724,sorrowful,1
4 725,deathly,1
4 726,dears,1
4 727,motorway,1
4 728,dearly,1
4 729,dearest,1
4 730,dealer,1
4 731,ddont,1
4 732,ddefence,1
4 733,dddont,1
4 734,dddark,1
4 735,dazed,1
4 736,dawned,1
4 737,spaces,1
4 738,span,1
4 739,daughter,1
4 740,darling,1
4 741,spasm,1
4 742,loaded,1
4 743,darkened,1
4 744,speaker,1
4 745,speakin,1
4 746,dappled,1
4 747,spear,1
4 748,speared,1
4 749,dangers,1
4 750,specially,1
4 751,species,1
4 752,specimen,1
4 753,speck,1
4 754,mounds,1
4 755,macdougal,1
4 756,spectacularly,1
4 757,spectators,1
4 758,dangerously,1
4 759,jig,1
4 760,jewels,1
4 761,dampen,1
4 762,damn,1
4 763,speeds,1
4 764,speedy,1
4 765,damaged,1
4 766,spelled,1
4 767,daisies,1
4 768,load,1
4 769,spending,1
4 770,dairy,1
4 771,spider,1
4 772,mounting,1
4 773,spilled,1
4 774,spilling,1
4 775,spinach,1
4 776,dads,1
4 777,spine,1
4 778,daddys,1
4 779,spinning,1
4 780,spiny,1
4 781,daddy,1
4 782,lizards,1
4 783,spite,1
4 784,splashes,1
4 785,splattered,1
4 786,spleens,1
4 787,jetblack,1
4 788,dabbed,1
4 789,moustached,1
4 790,spluttering,1
4 791,jessica,1
4 792,cutting,1
4 793,spoken,1
4 794,spokesgoblin,1
4 795,spore,1
4 796,cuts,1
4 797,mouthed,1
4 798,spose,1
4 799,customer,1
4 800,cushion,1
4 801,curtain,1
4 802,spotting,1
4 803,sppose,1
4 804,livid,1
4 805,curry,1
4 806,sprawled,1
4 807,lotta,1
4 808,curly,1
4 809,spreading,1
4 810,spring,1
4 811,springy,1
4 812,curling,1
4 813,jerking,1
4 814,curl,1
4 815,jellylegs,1
4 816,spspoils,1
4 817,spurt,1
4 818,cured,1
4 819,jelly,1
4 820,cure,1
4 821,squashed,1
4 822,cupll,1
4 823,squat,1
4 824,squawked,1
4 825,jeans,1
4 826,cunning,1
4 827,squeaky,1
4 828,jealousy,1
4 829,squealed,1
4 830,squeeze,1
4 831,cryin,1
4 832,squid,1
4 833,squinted,1
4 834,crutches,1
4 835,sssorry,1
4 836,st,1
4 837,stabbing,1
4 838,jealous,1
4 839,javelin,1
4 840,stacks,1
4 841,stadium,1
4 842,crushed,1
4 843,staffroom,1
4 844,stage,1
4 845,staggered,1
4 846,staggerin,1
4 847,stain,1
4 848,stained,1
4 849,crush,1
4 850,ivy,1
4 851,crumbling,1
4 852,stalactite,1
4 853,stalactites,1
4 854,stalagmite,1
4 855,mud,1
4 856,stale,1
4 857,stalking,1
4 858,cruel,1
4 859,stammering,1
4 860,crown,1
4 861,stamping,1
4 862,stamps,1
4 863,crouched,1
4 864,muddy,1
4 865,crossly,1
4 866,crosslegged,1
4 867,criticising,1
4 868,crisps,1
4 869,stargazers,1
4 870,crisply,1
4 871,starry,1
4 872,crisis,1
4 873,crinkled,1
4 874,cringed,1
4 875,crikey,1
4 876,itd,1
4 877,creeps,1
4 878,creeping,1
4 879,starved,1
4 880,starving,1
4 881,isle,1
4 882,creepers,1
4 883,credit,1
4 884,irongrey,1
4 885,creaked,1
4 886,creak,1
4 887,crashes,1
4 888,steadied,1
4 889,steadily,1
4 890,mugs,1
4 891,mugwump,1
4 892,steakandkidney,1
4 893,cranberry,1
4 894,steam,1
4 895,steamrollered,1
4 896,steel,1
4 897,steeling,1
4 898,crackpot,1
4 899,steeply,1
4 900,steered,1
4 901,mule,1
4 902,stench,1
4 903,cracker,1
4 904,cows,1
4 905,stepping,1
4 906,cowering,1
4 907,coward,1
4 908,sternly,1
4 909,stewed,1
4 910,coverup,1
4 911,courageous,1
4 912,countercurses,1
4 913,multistorey,1
4 914,iron,1
4 915,council,1
4 916,stiflingly,1
4 917,couldn,1
4 918,stinking,1
4 919,stitch,1
4 920,stitches,1
4 921,ireland,1
4 922,stoked,1
4 923,coulda,1
4 924,cough,1
4 925,correcting,1
4 926,stomping,1
4 927,cornflakes,1
4 928,corners,1
4 929,cornered,1
4 930,cornelius,1
4 931,corned,1
4 932,mumbling,1
4 933,stooping,1
4 934,cork,1
4 935,core,1
4 936,stopper,1
4 937,stopping,1
4 938,stops,1
4 939,stored,1
4 940,stores,1
4 941,cooker,1
4 942,cooked,1
4 943,stormed,1
4 944,stormy,1
4 945,convince,1
4 946,stra,1
4 947,convention,1
4 948,investigations,1
4 949,straightening,1
4 950,contents,1
4 951,lisa,1
4 952,stranded,1
4 953,contains,1
4 954,strangelooking,1
4 955,containing,1
4 956,constrictors,1
4 957,murmur,1
4 958,strangled,1
4 959,strapping,1
4 960,straps,1
4 961,straw,1
4 962,strawberries,1
4 963,strawberry,1
4 964,stray,1
4 965,strayed,1
4 966,straying,1
4 967,streak,1
4 968,constantly,1
4 969,international,1
4 970,muscle,1
4 971,muscular,1
4 972,considered,1
4 973,interestinglooking,1
4 974,conk,1
4 975,strengthened,1
4 976,stretch,1
4 977,conjured,1
4 978,confuse,1
4 979,confiscated,1
4 980,strictly,1
4 981,intently,1
4 982,string,1
4 983,strings,1
4 984,striped,1
4 985,confessed,1
4 986,stroke,1
4 987,confed,1
4 988,conducted,1
4 989,stronger,1
4 990,conduct,1
4 991,concrete,1
4 992,struggle,1
4 993,concentrating,1
4 994,concen,1
4 995,ststuttering,1
4 996,stubs,1
4 997,comprehensive,1
4 998,insultin,1
4 999,complex,1
5 000,compartments,1
5 001,studyin,1
5 002,committing,1
5 003,commit,1
5 004,commentating,1
5 005,insulted,1
5 006,commentary,1
5 007,stumbling,1
5 008,commanded,1
5 009,stung,1
5 010,comin,1
5 011,stunt,1
5 012,comets,1
5 013,stupidest,1
5 014,musty,1
5 015,mutely,1
5 016,stuttering,1
5 017,comet,1
5 018,insult,1
5 019,instruments,1
5 020,substitutes,1
5 021,subtle,1
5 022,combination,1
5 023,sucked,1
5 024,comb,1
5 025,columns,1
5 026,instructions,1
5 027,instinct,1
5 028,colourcoding,1
5 029,collected,1
5 030,collar,1
5 031,suits,1
5 032,cokeworth,1
5 033,coils,1
5 034,coffee,1
5 035,sunburn,1
5 036,sunday,1
5 037,sundays,1
5 038,code,1
5 039,cockandbull,1
5 040,instantly,1
5 041,sunrise,1
5 042,insisting,1
5 043,supple,1
5 044,supply,1
5 045,supporting,1
5 046,cobras,1
5 047,cobbled,1
5 048,supreme,1
5 049,coathanger,1
5 050,coast,1
5 051,surged,1
5 052,surname,1
5 053,coals,1
5 054,cmon,1
5 055,mysteriously,1
5 056,surprising,1
5 057,surrey,1
5 058,surrounded,1
5 059,mystery,1
5 060,survive,1
5 061,mystified,1
5 062,suspect,1
5 063,cmere,1
5 064,suspend,1
5 065,suspended,1
5 066,suspension,1
5 067,suspicion,1
5 068,suspicious,1
5 069,swaggered,1
5 070,swallow,1
5 071,clung,1
5 072,swam,1
5 073,swap,1
5 074,insist,1
5 075,swapping,1
5 076,swarmin,1
5 077,swarming,1
5 078,swarthy,1
5 079,nag,1
5 080,swaying,1
5 081,swear,1
5 082,swearing,1
5 083,liquorice,1
5 084,sweater,1
5 085,sweating,1
5 086,clouted,1
5 087,cloth,1
5 088,closern,1
5 089,sweetboxes,1
5 090,cloaked,1
5 091,sweetshop,1
5 092,sweetums,1
5 093,inscription,1
5 094,swelling,1
5 095,swelteringly,1
5 096,nail,1
5 097,swift,1
5 098,cliodna,1
5 099,swig,1
5 100,nailed,1
5 101,swipe,1
5 102,clinking,1
5 103,swished,1
5 104,clinging,1
5 105,swishy,1
5 106,switch,1
5 107,switching,1
5 108,swollen,1
5 109,climb,1
5 110,clicking,1
5 111,sword,1
5 112,click,1
5 113,looptheloops,1
5 114,cleverness,1
5 115,syllable,1
5 116,symbols,1
5 117,cleansweep,1
5 118,clawed,1
5 119,claw,1
5 120,tackled,1
5 121,tackling,1
5 122,tags,1
5 123,clattering,1
5 124,tailcoats,1
5 125,tailed,1
5 126,tailhair,1
5 127,clanging,1
5 128,clanged,1
5 129,takes,1
5 130,city,1
5 131,circus,1
5 132,talent,1
5 133,tales,1
5 134,circles,1
5 135,circled,1
5 136,circe,1
5 137,talkingto,1
5 138,cinemas,1
5 139,taller,1
5 140,cinema,1
5 141,tame,1
5 142,innocent,1
5 143,tangles,1
5 144,cigarette,1
5 145,chuckle,1
5 146,chucked,1
5 147,tapdance,1
5 148,chose,1
5 149,tapestries,1
5 150,tapestry,1
5 151,chorused,1
5 152,chopped,1
5 153,tarantula,1
5 154,named,1
5 155,tartan,1
5 156,tarts,1
5 157,inky,1
5 158,injured,1
5 159,tasty,1
5 160,chivalry,1
5 161,taunting,1
5 162,louder,1
5 163,chips,1
5 164,teabags,1
5 165,chipolatas,1
5 166,chimed,1
5 167,chilly,1
5 168,teaches,1
5 169,teaching,1
5 170,teacups,1
5 171,chilled,1
5 172,childishly,1
5 173,childhood,1
5 174,tearful,1
5 175,chickened,1
5 176,chf,1
5 177,tearstreaked,1
5 178,ted,1
5 179,narrowly,1
5 180,chewing,1
5 181,teh,1
5 182,chewed,1
5 183,nastier,1
5 184,lopsided,1
5 185,chestnut,1
5 186,chessboard,1
5 187,tellin,1
5 188,cheery,1
5 189,tells,1
5 190,cheeks,1
5 191,checkup,1
5 192,tend,1
5 193,tendrils,1
5 194,tennis,1
5 195,tenpin,1
5 196,tens,1
5 197,tent,1
5 198,tentacles,1
5 199,checkmate,1
5 200,terence,1
5 201,cheating,1
5 202,terms,1
5 203,cheap,1
5 204,chasin,1
5 205,information,1
5 206,nations,1
5 207,chase,1
5 208,testing,1
5 209,charging,1
5 210,charged,1
5 211,thanked,1
5 212,thankful,1
5 213,chappie,1
5 214,thanksss,1
5 215,thankyou,1
5 216,changin,1
5 217,chances,1
5 218,chains,1
5 219,certain,1
5 220,ceremonys,1
5 221,cereal,1
5 222,cept,1
5 223,centuries,1
5 224,theory,1
5 225,centre,1
5 226,thered,1
5 227,looming,1
5 228,cent,1
5 229,celebrity,1
5 230,celebrations,1
5 231,celebrated,1
5 232,ceased,1
5 233,cccant,1
5 234,ccant,1
5 235,caughty,1
5 236,thicker,1
5 237,thickly,1
5 238,thickset,1
5 239,thief,1
5 240,thieves,1
5 241,catcalling,1
5 242,catching,1
5 243,catches,1
5 244,cases,1
5 245,carts,1
5 246,cartride,1
5 247,thinner,1
5 248,thinnest,1
5 249,cartoon,1
5 250,carrots,1
5 251,thirst,1
5 252,carriages,1
5 253,carpets,1
5 254,thirtynine,1
5 255,thirtyseven,1
5 256,thirtysix,1
5 257,carpet,1
5 258,naturally,1
5 259,carelessly,1
5 260,caput,1
5 261,capture,1
5 262,majorca,1
5 263,thoughts,1
5 264,cantve,1
5 265,cantered,1
5 266,inform,1
5 267,cane,1
5 268,candlelight,1
5 269,cancelled,1
5 270,canaryyellow,1
5 271,threes,1
5 272,threethirty,1
5 273,threshold,1
5 274,calming,1
5 275,cafru,1
5 276,throats,1
5 277,thronging,1
5 278,cackle,1
5 279,throughout,1
5 280,cabbagesmelling,1
5 281,cabbages,1
5 282,cabbage,1
5 283,liquids,1
5 284,thumbsup,1
5 285,thump,1
5 286,thumpin,1
5 287,thumping,1
5 288,thunder,1
5 289,byebye,1
5 290,thunderous,1
5 291,inferno,1
5 292,thus,1
5 293,tibbles,1
5 294,tick,1
5 295,buzzing,1
5 296,buzz,1
5 297,tickets,1
5 298,tickled,1
5 299,tickling,1
5 300,tidier,1
5 301,infernal,1
5 302,tie,1
5 303,tied,1
5 304,buyin,1
5 305,indoors,1
5 306,tighter,1
5 307,tightlipped,1
5 308,buttered,1
5 309,tights,1
5 310,incredibly,1
5 311,butter,1
5 312,bustling,1
5 313,maker,1
5 314,timewasters,1
5 315,necessary,1
5 316,tin,1
5 317,tinge,1
5 318,tingle,1
5 319,tinkling,1
5 320,tinned,1
5 321,bustled,1
5 322,increases,1
5 323,tips,1
5 324,including,1
5 325,tiptoed,1
5 326,bus,1
5 327,title,1
5 328,burying,1
5 329,burns,1
5 330,burnished,1
5 331,burned,1
5 332,inched,1
5 333,burn,1
5 334,toasting,1
5 335,burly,1
5 336,toe,1
5 337,toffee,1
5 338,bungler,1
5 339,toil,1
5 340,bundles,1
5 341,bundled,1
5 342,tokens,1
5 343,bunches,1
5 344,tom,1
5 345,tomatoes,1
5 346,bunch,1
5 347,inch,1
5 348,tonguetying,1
5 349,bumped,1
5 350,bulstrode,1
5 351,bully,1
5 352,toothless,1
5 353,bullied,1
5 354,topmost,1
5 355,bullets,1
5 356,topsecurity,1
5 357,needin,1
5 358,bullet,1
5 359,built,1
5 360,tortoise,1
5 361,torture,1
5 362,tosh,1
5 363,totalus,1
5 364,tottered,1
5 365,tottering,1
5 366,buildings,1
5 367,build,1
5 368,needle,1
5 369,makers,1
5 370,tourists,1
5 371,buffalo,1
5 372,buckled,1
5 373,bucking,1
5 374,brushing,1
5 375,needlesharp,1
5 376,brushed,1
5 377,towns,1
5 378,improvement,1
5 379,track,1
5 380,broomshed,1
5 381,brooding,1
5 382,trail,1
5 383,impressively,1
5 384,brocklehurst,1
5 385,trained,1
5 386,trainers,1
5 387,broadly,1
5 388,liquid,1
5 389,trances,1
5 390,transfer,1
5 391,bristol,1
5 392,transfigured,1
5 393,impress,1
5 394,transform,1
5 395,transparent,1
5 396,transport,1
5 397,brim,1
5 398,makin,1
5 399,travelled,1
5 400,brilliantly,1
5 401,imprecise,1
5 402,treat,1
5 403,treated,1
5 404,treating,1
5 405,treble,1
5 406,brightgreen,1
5 407,briefcase,1
5 408,treestump,1
5 409,tremble,1
5 410,bridge,1
5 411,impatient,1
5 412,bricks,1
5 413,brew,1
5 414,trials,1
5 415,breezy,1
5 416,tricked,1
5 417,trickling,1
5 418,tricks,1
5 419,bred,1
5 420,breaths,1
5 421,breaks,1
5 422,immortal,1
5 423,trimble,1
5 424,bread,1
5 425,tripe,1
5 426,image,1
5 427,tripping,1
5 428,triumph,1
5 429,triumphant,1
5 430,triumphs,1
5 431,lionfish,1
5 432,brazilian,1
5 433,bravo,1
5 434,brandnew,1
5 435,troops,1
5 436,brandished,1
5 437,trot,1
5 438,trotting,1
5 439,branch,1
5 440,troublesome,1
5 441,braced,1
5 442,trowels,1
5 443,trudged,1
5 444,bowling,1
5 445,truly,1
5 446,bowlers,1
5 447,bow,1
5 448,bounds,1
5 449,nettles,1
5 450,trusting,1
5 451,bounced,1
5 452,truthful,1
5 453,boulder,1
5 454,tryin,1
5 455,bothering,1
5 456,ttell,1
5 457,ii,1
5 458,nevertheless,1
5 459,tuck,1
5 460,born,1
5 461,boredom,1
5 462,tuft,1
5 463,tufts,1
5 464,tufty,1
5 465,tugged,1
5 466,tugging,1
5 467,tulips,1
5 468,tumbled,1
5 469,tumbling,1
5 470,ignoring,1
5 471,tunnel,1
5 472,tunnels,1
5 473,booming,1
5 474,tureens,1
5 475,boomed,1
5 476,turkeys,1
5 477,bonus,1
5 478,bonnet,1
5 479,turnin,1
5 480,bonfire,1
5 481,turnips,1
5 482,boil,1
5 483,turpin,1
5 484,turrets,1
5 485,bogeyflavoured,1
5 486,twanging,1
5 487,tweak,1
5 488,bodyguards,1
5 489,twelvefoot,1
5 490,idly,1
5 491,bodies,1
5 492,twentyfour,1
5 493,twentynine,1
5 494,twentyone,1
5 495,twentysix,1
5 496,bodied,1
5 497,bobbles,1
5 498,identical,1
5 499,bobble,1
5 500,twinkled,1
5 501,icing,1
5 502,boaters,1
5 503,twist,1
5 504,boastful,1
5 505,icicles,1
5 506,boarding,1
5 507,boardedup,1
5 508,boarded,1
5 509,twos,1
5 510,newspapers,1
5 511,type,1
5 512,types,1
5 513,typical,1
5 514,ube,1
5 515,ugly,1
5 516,um,1
5 517,blur,1
5 518,newt,1
5 519,unafraid,1
5 520,unbearable,1
5 521,unbelievable,1
5 522,icecold,1
5 523,unbroken,1
5 524,malcolm,1
5 525,blundering,1
5 526,uncles,1
5 527,uncoiling,1
5 528,uncomfortable,1
5 529,bluebell,1
5 530,blubber,1
5 531,undergrowth,1
5 532,blotts,1
5 533,blossoming,1
5 534,hygienic,1
5 535,undred,1
5 536,undursleyish,1
5 537,lingering,1
5 538,unexpected,1
5 539,unfair,1
5 540,unfolded,1
5 541,hutontherock,1
5 542,unfortunate,1
5 543,bloodred,1
5 544,bloodiness,1
5 545,bloodcurdling,1
5 546,bloke,1
5 547,hushing,1
5 548,blocks,1
5 549,unlike,1
5 550,hush,1
5 551,unluckily,1
5 552,blocking,1
5 553,unpopular,1
5 554,unravelled,1
5 555,unseated,1
5 556,unseen,1
5 557,unsettled,1
5 558,unsticking,1
5 559,husband,1
5 560,blob,1
5 561,untouched,1
5 562,blissfully,1
5 563,nightfall,1
5 564,unwelcome,1
5 565,bletchley,1
5 566,bleaaargh,1
5 567,hurts,1
5 568,blasted,1
5 569,malfoyll,1
5 570,upper,1
5 571,hurtling,1
5 572,uprising,1
5 573,uproar,1
5 574,blankly,1
5 575,upsidedown,1
5 576,blanket,1
5 577,upturned,1
5 578,blaise,1
5 579,hurriedly,1
5 580,urgent,1
5 581,hunt,1
5 582,urgh,1
5 583,uric,1
5 584,blacks,1
5 585,blackpool,1
5 586,blackness,1
5 587,blackboard,1
5 588,useless,1
5 589,bitter,1
5 590,ushered,1
5 591,using,1
5 592,bites,1
5 593,birthdays,1
5 594,utter,1
5 595,vain,1
5 596,humour,1
5 597,value,1
5 598,vampire,1
5 599,birdwatchers,1
5 600,van,1
5 601,ninth,1
5 602,birdcage,1
5 603,bird,1
5 604,vapour,1
5 605,bins,1
5 606,bidin,1
5 607,bid,1
5 608,veins,1
5 609,velvet,1
5 610,velvety,1
5 611,bicycle,1
5 612,biased,1
5 613,versus,1
5 614,beyond,1
5 615,vibrate,1
5 616,vibrating,1
5 617,vicious,1
5 618,victims,1
5 619,nitwit,1
5 620,nneed,1
5 621,bewitch,1
5 622,viewers,1
5 623,nnot,1
5 624,beware,1
5 625,vindictus,1
5 626,violent,1
5 627,violently,1
5 628,betray,1
5 629,viridian,1
5 630,nnothing,1
5 631,vision,1
5 632,bestplayed,1
5 633,berserk,1
5 634,visiting,1
5 635,humming,1
5 636,visitors,1
5 637,bendy,1
5 638,bending,1
5 639,voicing,1
5 640,belting,1
5 641,belt,1
5 642,belongs,1
5 643,volume,1
5 644,vomitflavoured,1
5 645,waddling,1
5 646,waffle,1
5 647,waffling,1
5 648,wafting,1
5 649,waggled,1
5 650,belonging,1
5 651,beings,1
5 652,bein,1
5 653,behead,1
5 654,waitin,1
5 655,behaviour,1
5 656,behave,1
5 657,wakes,1
5 658,waking,1
5 659,begun,1
5 660,beginning,1
5 661,beginners,1
5 662,begging,1
5 663,walled,1
5 664,beg,1
5 665,nobbled,1
5 666,befuddle,1
5 667,wander,1
5 668,lingered,1
5 669,beetroot,1
5 670,wanderings,1
5 671,beetles,1
5 672,wandwaving,1
5 673,beefy,1
5 674,beedle,1
5 675,wantin,1
5 676,beechwood,1
5 677,beech,1
5 678,ward,1
5 679,wardrobes,1
5 680,warlock,1
5 681,warlocks,1
5 682,bedtime,1
5 683,warmer,1
5 684,bedspread,1
5 685,bedrooms,1
5 686,becomes,1
5 687,beckoned,1
5 688,humbertos,1
5 689,beaverskin,1
5 690,howled,1
5 691,howl,1
5 692,beauty,1
5 693,howard,1
5 694,wasted,1
5 695,noiselessly,1
5 696,beats,1
5 697,beater,1
5 698,watchin,1
5 699,beastie,1
5 700,bearing,1
5 701,watered,1
5 702,watering,1
5 703,watery,1
5 704,bearded,1
5 705,beaks,1
5 706,waves,1
5 707,beadyeyed,1
5 708,wax,1
5 709,beady,1
5 710,beach,1
5 711,bc,1
5 712,bbut,1
5 713,weakly,1
5 714,weapon,1
5 715,bbook,1
5 716,bbbut,1
5 717,wears,1
5 718,bawling,1
5 719,batty,1
5 720,batteredlooking,1
5 721,weatherman,1
5 722,weathers,1
5 723,weave,1
5 724,weaving,1
5 725,bats,1
5 726,bathroom,1
5 727,wee,1
5 728,weeds,1
5 729,bathilda,1
5 730,weekly,1
5 731,bath,1
5 732,weigh,1
5 733,weighed,1
5 734,bated,1
5 735,weight,1
5 736,linen,1
5 737,weirdest,1
5 738,limping,1
5 739,basking,1
5 740,baskets,1
5 741,hovering,1
5 742,welsh,1
5 743,basket,1
5 744,basics,1
5 745,basic,1
5 746,baruffio,1
5 747,nonexplodable,1
5 748,nonmagic,1
5 749,barred,1
5 750,baronll,1
5 751,whacked,1
5 752,hourglasses,1
5 753,barks,1
5 754,bark,1
5 755,whatre,1
5 756,bard,1
5 757,whatshername,1
5 758,whatve,1
5 759,wheedled,1
5 760,wheel,1
5 761,nonstop,1
5 762,nope,1
5 763,wheezed,1
5 764,barbers,1
5 765,whelk,1
5 766,banks,1
5 767,hotly,1
5 768,whens,1
5 769,bang,1
5 770,horrorstruck,1
5 771,banell,1
5 772,bandages,1
5 773,bandaged,1
5 774,band,1
5 775,bananas,1
5 776,balloons,1
5 777,whimper,1
5 778,whimpered,1
5 779,whimpering,1
5 780,whined,1
5 781,whinging,1
5 782,balancing,1
5 783,whippy,1
5 784,horny,1
5 785,horned,1
5 786,whisk,1
5 787,whisked,1
5 788,horn,1
5 789,whiskery,1
5 790,baking,1
5 791,baked,1
5 792,whisperers,1
5 793,bagshot,1
5 794,hopes,1
5 795,badger,1
5 796,background,1
5 797,hopeful,1
5 798,babies,1
5 799,whiteblond,1
5 800,whitefaced,1
5 801,whittled,1
5 802,whizzing,1
5 803,b,1
5 804,azkaban,1
5 805,whoever,1
5 806,awkwardly,1
5 807,whom,1
5 808,whoop,1
5 809,whooped,1
5 810,whooshing,1
5 811,awkward,1
5 812,awful,1
5 813,hop,1
5 814,awe,1
5 815,whyd,1
5 816,whys,1
5 817,awarding,1
5 818,wickedly,1
5 819,awaits,1
5 820,wideeyed,1
5 821,widely,1
5 822,widemouthed,1
5 823,nosebleed,1
5 824,awaiting,1
5 825,hoover,1
5 826,wight,1
5 827,avoid,1
5 828,wilder,1
5 829,wilderlooking,1
5 830,wildlooking,1
5 831,auntie,1
5 832,august,1
5 833,willing,1
5 834,willow,1
5 835,audience,1
5 836,attractive,1
5 837,nosie,1
5 838,windmill,1
5 839,attacked,1
5 840,atta,1
5 841,hooting,1
5 842,winds,1
5 843,atop,1
5 844,wines,1
5 845,astride,1
5 846,astounding,1
5 847,winged,1
5 848,winggardium,1
5 849,astonishment,1
5 850,astonishingly,1
5 851,assured,1
5 852,wins,1
5 853,winter,1
5 854,wipe,1
5 855,assistant,1
5 856,ashenfaced,1
5 857,art,1
5 858,arsenius,1
5 859,arrows,1
5 860,arrow,1
5 861,wit,1
5 862,arriving,1
5 863,arrivals,1
5 864,arrival,1
5 865,arrangements,1
5 866,armpit,1
5 867,argus,1
5 868,arguments,1
5 869,wizardin,1
5 870,argument,1
5 871,argued,1
5 872,aren,1
5 873,wizened,1
5 874,wohsi,1
5 875,arching,1
5 876,approve,1
5 877,wolfing,1
5 878,nosy,1
5 879,approached,1
5 880,apple,1
5 881,appear,1
5 882,apologised,1
5 883,anxiety,1
5 884,anticheating,1
5 885,answers,1
5 886,answering,1
5 887,anothers,1
5 888,woodcroft,1
5 889,annoyed,1
5 890,annoy,1
5 891,woollen,1
5 892,anne,1
5 893,angrier,1
5 894,angel,1
5 895,amount,1
5 896,amigo,1
5 897,amid,1
5 898,works,1
5 899,ambling,1
5 900,worlds,1
5 901,hooked,1
5 902,amber,1
5 903,alongside,1
5 904,alien,1
5 905,alicia,1
5 906,alibis,1
5 907,alchemist,1
5 908,alberic,1
5 909,alarming,1
5 910,airrifle,1
5 911,airily,1
5 912,wounded,1
5 913,woven,1
5 914,notable,1
5 915,aha,1
5 916,african,1
5 917,wrestle,1
5 918,wrestled,1
5 919,africa,1
5 920,hoodlums,1
5 921,wriggles,1
5 922,wriggling,1
5 923,wringing,1
5 924,noted,1
5 925,affect,1
5 926,wrists,1
5 927,wristwatch,1
5 928,wristwatches,1
5 929,hood,1
5 930,writin,1
5 931,affairs,1
5 932,aff,1
5 933,advised,1
5 934,wrongly,1
5 935,wrote,1
5 936,wroughtiron,1
5 937,yard,1
5 938,hoochs,1
5 939,advancing,1
5 940,advanced,1
5 941,admirers,1
5 942,admired,1
5 943,admirable,1
5 944,adalbert,1
5 945,act,1
5 946,acreeping,1
5 947,aconite,1
5 948,acid,1
5 949,honest,1
5 950,achieve,1
5 951,ache,1
5 952,yells,1
5 953,yelp,1
5 954,yelps,1
5 955,accountant,1
5 956,homemade,1
5 957,yerselves,1
5 958,account,1
5 959,according,1
5 960,accident,1
5 961,hollow,1
5 962,notices,1
5 963,abysmal,1
5 964,absurd,1
5 965,youknow,1
5 966,holidaying,1
5 967,aboard,1
5 968,abnormal,1
5 969,abbott,1
5 970,aback,1
5 971,aargh,1
5 972,aaah,1
5 973,youngsters,1
5 974,aaaargh,1
5 975,aaaaarrrgh,1
5 976,aaaaaaaaaaargh,1
5 977,nott,1
5 978,november,1
5 979,youth,1
5 980,holes,1
5 981,yvonne,1
5 982,zabini,1
5 983,holds,1
5 984,nudged,1
5 985,hoisted,1
5 986,zoom,1
5 987,zoomed,1
5 988,mam,1
5 989,éclairs,1
